read_file: info: using default project `spyglass-1.prj'
async_fifo.vcon_asyncfifo.sgdccurrent_goal: info: loading goal `Design_Read' (in progress)
current_goal: info: finished loading goal `Design_Read' (ok)

INFO:    SpyGlass will run goal(s) 'Design_Read'.


RULE-CHECKING IN MIXED MODE
Loading spyglass (SpyGlass_vS-2021.09-SP1) ... (picked from /fetools/synopsys/installed_tools/spyglass/S-2021.09-SP1/SPYGLASS_HOME/policies/spyglass)
 Reading sgdc file "con_asyncfifo.sgdc" ...
Performing unification checks on SGDC... done

INFO [6]    Work Directory './spyglass-1/WORK' does not exist.

INFO [75]    Creating the Work Directory './spyglass-1/WORK/64' for 64bit  precompiled dump.
Checking Rule ZeroSizeFile (Rule 1 of total 123) .... done (Time = 0.00s, Memory = 0.0K)
Checking Rule PrecompileLibCheck01 (Rule 2 of total 123) .... done (Time = 0.00s, Memory = 0.0K)
Checking Rule PrecompileLibCheck02 (Rule 3 of total 123) .... done (Time = 0.00s, Memory = 0.0K)
Checking Rule PrecompileLibCheck03 (Rule 4 of total 123) .... done (Time = 0.00s, Memory = 0.0K)
Checking Rule PrecompileLibCheck04 (Rule 5 of total 123) .... done (Time = 0.00s, Memory = 0.0K)
Checking Rule AbstractInterface (Rule 6 of total 123) .... done (Time = 0.00s, Memory = 0.0K)
Checking Rule ReportObsoleteRules (Rule 7 of total 123) .... done (Time = 0.00s, Memory = 0.0K)
Checking Rule ReportDeprecatedRules (Rule 8 of total 123) .... done (Time = 0.00s, Memory = 0.0K)
Checking Rule SGDC_assume_path01 (Rule 9 of total 123) .... done (Time = 0.00s, Memory = 0.0K)
Checking Rule SGDC_sdcschema02 (Rule 10 of total 123) .... done (Time = 0.00s, Memory = 32.0K)
Checking Rule SGDC_clock05 (Rule 11 of total 123) .... done (Time = 0.00s, Memory = 0.0K)
Checking Rule SGDC_clock09 (Rule 12 of total 123) .... done (Time = 0.00s, Memory = 0.0K)
Checking Rule SGDC_force_ta05 (Rule 13 of total 123) .... done (Time = 0.00s, Memory = 0.0K)
Checking Rule SGDC_require_path03 (Rule 14 of total 123) .... done (Time = 0.00s, Memory = 0.0K)
Checking Rule SGDC_require_value03 (Rule 15 of total 123) .... done (Time = 0.00s, Memory = 8.0K)
Checking Rule SGDC_voltagedomain05 (Rule 16 of total 123) .... done (Time = 0.00s, Memory = 8.0K)
Checking Rule SGDC_voltagedomain06 (Rule 17 of total 123) .... done (Time = 0.00s, Memory = 8.0K)
Checking Rule SGDC_voltagedomain07 (Rule 18 of total 123) .... done (Time = 0.00s, Memory = 0.0K)
Checking Rule SGDC_powerdomainoutputs02 (Rule 19 of total 123) .... done (Time = 0.00s, Memory = 8.0K)
Checking Rule SGDC_supply01 (Rule 20 of total 123) .... done (Time = 0.00s, Memory = 8.0K)
Checking Rule SGDC_waive01 (Rule 21 of total 123) .... done (Time = 0.00s, Memory = 0.0K)
Checking Rule SGDC_waive02 (Rule 22 of total 123) .... done (Time = 0.00s, Memory = 0.0K)
Checking Rule SGDC_waive03 (Rule 23 of total 123) .... done (Time = 0.00s, Memory = 0.0K)
Checking Rule SGDC_waive04 (Rule 24 of total 123) .... done (Time = 0.00s, Memory = 0.0K)
Checking Rule SGDC_waive05 (Rule 25 of total 123) .... done (Time = 0.00s, Memory = 0.0K)
Checking Rule SGDC_waive06 (Rule 26 of total 123) .... done (Time = 0.00s, Memory = 0.0K)
Checking Rule SGDC_waive07 (Rule 27 of total 123) .... done (Time = 0.00s, Memory = 0.0K)
Checking Rule SGDC_waive08 (Rule 28 of total 123) .... done (Time = 0.00s, Memory = 0.0K)
Checking Rule SGDC_waive09 (Rule 29 of total 123) .... done (Time = 0.00s, Memory = 0.0K)
Checking Rule SGDC_waive10 (Rule 30 of total 123) .... done (Time = 0.00s, Memory = 0.0K)
Checking Rule SGDC_waive11 (Rule 31 of total 123) .... done (Time = 0.00s, Memory = 0.0K)
Checking Rule SGDC_waive12 (Rule 32 of total 123) .... done (Time = 0.00s, Memory = 0.0K)
Checking Rule SGDC_waive13 (Rule 33 of total 123) .... done (Time = 0.00s, Memory = 0.0K)
Checking Rule SGDC_waive21 (Rule 34 of total 123) .... done (Time = 0.00s, Memory = 0.0K)
Checking Rule SGDC_waive22 (Rule 35 of total 123) .... done (Time = 0.00s, Memory = 0.0K)
Checking Rule SGDC_waive30 (Rule 36 of total 123) .... done (Time = 0.00s, Memory = 0.0K)
Checking Rule SGDC_waive32 (Rule 37 of total 123) .... done (Time = 0.00s, Memory = 0.0K)
Checking Rule SGDC_waive33 (Rule 38 of total 123) .... done (Time = 0.00s, Memory = 0.0K)
Checking Rule SGDC_waive36 (Rule 39 of total 123) .... done (Time = 0.00s, Memory = 0.0K)
Checking Rule SGDC_waive38 (Rule 40 of total 123) .... done (Time = 0.00s, Memory = 0.0K)
Checking Rule SGDC_fifo01 (Rule 41 of total 123) .... done (Time = 0.00s, Memory = 8.0K)
Checking Rule SGDC_libgroup01 (Rule 42 of total 123) .... done (Time = 0.00s, Memory = 0.0K)
Checking Rule SGDC_libgroup02 (Rule 43 of total 123) .... done (Time = 0.00s, Memory = 0.0K)
Checking Rule SGDC_libgroup04 (Rule 44 of total 123) .... done (Time = 0.00s, Memory = 0.0K)
Checking Rule SGDC_power_data01 (Rule 45 of total 123) .... done (Time = 0.00s, Memory = 0.0K)
Checking Rule SGDC_ungroup01 (Rule 46 of total 123) .... done (Time = 0.00s, Memory = 8.0K)
Checking Rule SGDC_abstract_port06 (Rule 47 of total 123) .... done (Time = 0.00s, Memory = 0.0K)
Checking Rule SGDC_abstract_port14 (Rule 48 of total 123) .... done (Time = 0.00s, Memory = 8.0K)
Checking Rule SGDC_abstract_port15 (Rule 49 of total 123) .... done (Time = 0.00s, Memory = 8.0K)
Checking Rule SGDC_abstract_port18 (Rule 50 of total 123) .... done (Time = 0.00s, Memory = 8.0K)
Checking Rule sdc_init_rule (Rule 51 of total 123) .... done (Time = 0.00s, Memory = 80.0K)
Checking Rule CMD_ignorelibs01 (Rule 52 of total 123) .... done (Time = 0.00s, Memory = 0.0K)
Checking Rule ReportRuleNotRun (Rule 53 of total 123) .... done (Time = 0.00s, Memory = 0.0K)
Checking Rule ReportStopSummary (Rule 54 of total 123) .... done (Time = 0.00s, Memory = 0.0K)
Checking Rule ReportIgnoreSummary (Rule 55 of total 123) .... done (Time = 0.00s, Memory = 0.0K)
 Analyzing source file "async_fifo.v" ....
 Elaborating Top Verilog Design Unit 'async_fifo' .....
 done
Checking Rule ElabSummary (Rule 56 of total 123) .... done (Time = 0.00s, Memory = 0.0K)
Checking Rule ReportCheckDataSummary (Rule 57 of total 123) .... done (Time = 0.00s, Memory = 0.0K)
 Reading waiver file "./spyglass-1/Design_Read/spyglass_spysch/constraint/spg_autogenerated_waivers.sgdc" ...
 Generating WAIVER file "./spyglass-1/Design_Read/spyglass_spysch/waiver/pragma2Waiver.swl" from pragmas in HDL source files ....
Checking Rule SGDC_waive37 (Rule 58 of total 123) .... done (Time = 0.00s, Memory = 8.0K)
Checking Rule DetectTopDesignUnits (Rule 59 of total 123)
 Detected 1 top level design units:
     async_fifo
 .... done (Time = 0.00s, Memory = 0.0K)
Performing semantic checks on SGDC contents
Checking Rule SGDC_testmode03 (Rule 60 of total 123) .... done (Time = 0.00s, Memory = 0.0K)
Checking Rule ReportObsoletePragmas (Rule 61 of total 123) .... done (Time = 0.00s, Memory = 0.0K)
Checking Rule checkSGDC_01 (Rule 62 of total 123) .... done (Time = 0.00s, Memory = 0.0K)
Checking Rule checkSGDC_03 (Rule 63 of total 123) .... done (Time = 0.00s, Memory = 0.0K)
Checking Rule checkSGDC_08 (Rule 64 of total 123) .... done (Time = 0.00s, Memory = 0.0K)
Checking Rule GenerateConfMap (Rule 65 of total 123) .... done (Time = 0.00s, Memory = 0.0K)
Checking Rule SGDC_memorywritepin04 (Rule 66 of total 123) .... done (Time = 0.00s, Memory = 0.0K)
Checking Rule SGDC_reset02 (Rule 67 of total 123) .... done (Time = 0.00s, Memory = 0.0K)
Checking Rule SGDC_reset03 (Rule 68 of total 123) .... done (Time = 0.00s, Memory = 8.0K)
Checking Rule SGDC_libgroup03 (Rule 69 of total 123) .... done (Time = 0.00s, Memory = 0.0K)
Checking Rule SGDC_ungroup02 (Rule 70 of total 123) .... done (Time = 0.00s, Memory = 0.0K)
Checking Rule HdlLibDuCheck (Rule 71 of total 123) .... done (Time = 0.00s, Memory = 0.0K)
Checking Rule RtlDesignInfo (Rule 72 of total 123) .... done (Time = 0.00s, Memory = 0.0K)
Checking Rule CheckCelldefine (Rule 73 of total 123) .... done (Time = 0.00s, Memory = 0.0K)
Checking Rule SGDC_waive23 (Rule 74 of total 123) .... done (Time = 0.00s, Memory = 0.0K)
Checking Rule SGDC_waive26 (Rule 75 of total 123) .... done (Time = 0.00s, Memory = 0.0K)
Checking Rule SGDC_waive27 (Rule 76 of total 123) .... done (Time = 0.00s, Memory = 0.0K)
Checking Rule SGDC_waive29 (Rule 77 of total 123) .... done (Time = 0.00s, Memory = 0.0K)
Checking Rule SGDC_waive24 (Rule 78 of total 123) .... done (Time = 0.00s, Memory = 0.0K)
Checking Rule SGDC_waive25 (Rule 79 of total 123) .... done (Time = 0.00s, Memory = 16.0K)
Checking Rule SGDC_waive31 (Rule 80 of total 123) .... done (Time = 0.00s, Memory = 0.0K)
Checking Rule SGDC_waive35 (Rule 81 of total 123) .... done (Time = 0.00s, Memory = 0.0K)
Checking Rule checkCMD_mthresh (Rule 82 of total 123) .... done (Time = 0.00s, Memory = 0.0K)
Checking Rule AnalyzeBBox (Rule 83 of total 123) .... done (Time = 0.00s, Memory = 0.0K)
Checking Rule ReportCheckDataSummary (Rule 57 of total 123) .... done (Time = 0.00s, Memory = 0.0K)

Generating data for Console...

SpyGlass Rule Checking Complete.

Generating moresimple report from './spyglass-1/Design_Read/spyglass.vdb' to './spyglass-1/Design_Read/spyglass_reports/moresimple.rpt' ....

Generating runsummary report from './spyglass-1/Design_Read/spyglass.vdb' ....

Generating no_msg_reporting_rules report from './spyglass-1/Design_Read/spyglass.vdb' to './spyglass-1/Design_Read/spyglass_reports/no_msg_reporting_rules.rpt' ....

Policy specific data (reports) are present in the directory './spyglass-1/Design_Read/spyglass_reports'.

SpyGlass critical reports for the current run are present in directory './spyglass-1/consolidated_reports/Design_Read/'.

---------------------------------------------------------------------------------------------
Results Summary:
---------------------------------------------------------------------------------------------
   Goal Run           :      Design_Read
   Command-line read  :      0 error,      0 warning,      0 information message 
   Design Read        :      0 error,      0 warning,      2 information messages
      Found 1 top module:
         async_fifo   (file: async_fifo.v)

   Blackbox Resolution:      0 error,      0 warning,      0 information message 
   SGDC Checks        :      0 error,      0 warning,      0 information message 
   -------------------------------------------------------------------------------------
   Total              :      0 error,      0 warning,      2 information messages

  Total Number of Generated Messages     :         2 (0 error, 0 warning, 2 Infos)
  Number of Reported Messages            :         2 (0 error, 0 warning, 2 Infos)

---------------------------------------------------------------------------------------------


run_goal: info: updating spyglass.log with goal summary
---------------------------------------------------------------------------------------------------
Results Summary:
---------------------------------------------------------------------------------------------------
   Goal Run           :      Design_Read
   Top Module         :      async_fifo
---------------------------------------------------------------------------------------------------
   Reports Directory: 
   /home/gokulgopalakrishnan/major_project/apb/async_fifo/spyglass-1/consolidated_reports/Design_Read/ 

   SpyGlass LogFile: 
    /home/gokulgopalakrishnan/major_project/apb/async_fifo/spyglass-1/Design_Read/spyglass.log 

   Standard Reports: 
     moresimple.rpt          no_msg_reporting_rules.rpt       

   HTML report:
     <Not Available>
  

   Technology Reports:  
     <Not Available>
   
   
---------------------------------------------------------------------------------------------------
   Goal Violation Summary:
       Waived   Messages:                      0 Errors,      0 Warnings,      0 Infos
       Reported Messages:         0 Fatals,    0 Errors,      0 Warnings,      2 Infos
---------------------------------------------------------------------------------------------------
   
---------------------------------------------------------------------------------------------------
 
run_goal: info: spyglass.log successfully updated with goal summary
run_goal: info: setting design top `async_fifo' as current_design
link_design: info: single top `async_fifo' found, setting it as top for subsequent analysis [set_option top async_fifo]
0 {Rule-checking completed without errors or warnings}current_goal: info: current goal selection with -alltop has reset the last active top `async_fifo'.
                    It is recommended to maintain goal runs with -alltop in a separate project file.
                    You can save this project after setting the top again with `set_option top async_fifo',
                    and then start a different project for -alltop runs.
current_goal: warning: goal `cdc/cdc_verify' was run but not saved last time
                       run results and goal settings might not match
current_goal: info: loading goal `cdc/cdc_verify' (in progress)
current_goal: info: finished loading goal `cdc/cdc_verify' (ok)

INFO:    SpyGlass will run goal(s) 'cdc/cdc_verify'.


RULE-CHECKING IN MIXED MODE
Loading spyglass (SpyGlass_vS-2021.09-SP1) ... (picked from /fetools/synopsys/installed_tools/spyglass/S-2021.09-SP1/SPYGLASS_HOME/policies/spyglass)
Loading clock-reset (SpyGlass_vS-2021.09-SP1) ... (picked from /fetools/synopsys/installed_tools/spyglass/S-2021.09-SP1/SPYGLASS_HOME/policies/clock)
Loading txv (SpyGlass_vS-2021.09-SP1) ... (picked from /fetools/synopsys/installed_tools/spyglass/S-2021.09-SP1/SPYGLASS_HOME/policies/txv)

TXV_INFO Parameter txv_extract_domain will be renamed to txv_domain_mode in future!

Loading timing (SpyGlass_vS-2021.09-SP1) ... (picked from /fetools/synopsys/installed_tools/spyglass/S-2021.09-SP1/SPYGLASS_HOME/policies/timing)
Loading starcad-21 (SpyGlass_vS-2021.09-SP1) ... (picked from /fetools/synopsys/installed_tools/spyglass/S-2021.09-SP1/SPYGLASS_HOME/policies/starcad-21)
Loading starc2005 (SpyGlass_vS-2021.09-SP1) ... (picked from /fetools/synopsys/installed_tools/spyglass/S-2021.09-SP1/SPYGLASS_HOME/policies/starc2005)
Loading starc2002 (SpyGlass_vS-2021.09-SP1) ... (picked from /fetools/synopsys/installed_tools/spyglass/S-2021.09-SP1/SPYGLASS_HOME/policies/starc2002)
Loading starc (SpyGlass_vS-2021.09-SP1) ... (picked from /fetools/synopsys/installed_tools/spyglass/S-2021.09-SP1/SPYGLASS_HOME/policies/starc)
Loading simulation (SpyGlass_vS-2021.09-SP1) ... (picked from /fetools/synopsys/installed_tools/spyglass/S-2021.09-SP1/SPYGLASS_HOME/policies/simulation)
Loading power_est (SpyGlass_vS-2021.09-SP1) ... (picked from /fetools/synopsys/installed_tools/spyglass/S-2021.09-SP1/SPYGLASS_HOME/policies/power_est)
Loading openmore (SpyGlass_vS-2021.09-SP1) ... (picked from /fetools/synopsys/installed_tools/spyglass/S-2021.09-SP1/SPYGLASS_HOME/policies/openmore)
Loading morelint (SpyGlass_vS-2021.09-SP1) ... (picked from /fetools/synopsys/installed_tools/spyglass/S-2021.09-SP1/SPYGLASS_HOME/policies/morelint)
Loading miscellaneous (SpyGlass_vS-2021.09-SP1) ... (picked from /fetools/synopsys/installed_tools/spyglass/S-2021.09-SP1/SPYGLASS_HOME/policies/miscellaneous)
Loading lowpower (5.6.1) ... (picked from /fetools/synopsys/installed_tools/spyglass/S-2021.09-SP1/SPYGLASS_HOME/policies/lowpower)
Loading lint (SpyGlass_vS-2021.09-SP1) ... (picked from /fetools/synopsys/installed_tools/spyglass/S-2021.09-SP1/SPYGLASS_HOME/policies/lint)
Loading latch (SpyGlass_vS-2021.09-SP1) ... (picked from /fetools/synopsys/installed_tools/spyglass/S-2021.09-SP1/SPYGLASS_HOME/policies/latch)
Loading erc (SpyGlass_vS-2021.09-SP1) ... (picked from /fetools/synopsys/installed_tools/spyglass/S-2021.09-SP1/SPYGLASS_HOME/policies/erc)
Loading dft_dsm (SpyGlass_vS-2021.09-SP1) ... (picked from /fetools/synopsys/installed_tools/spyglass/S-2021.09-SP1/SPYGLASS_HOME/policies/dft_dsm)
Loading dft (SpyGlass_vS-2021.09-SP1) ... (picked from /fetools/synopsys/installed_tools/spyglass/S-2021.09-SP1/SPYGLASS_HOME/policies/dft)
Loading constraints (SpyGlass_vS-2021.09-SP1) ... (picked from /fetools/synopsys/installed_tools/spyglass/S-2021.09-SP1/SPYGLASS_HOME/policies/constraints)
Loading const_intern1 (SpyGlass_vS-2021.09-SP1) ... (picked from /fetools/synopsys/installed_tools/spyglass/S-2021.09-SP1/SPYGLASS_HOME/policies/constraints)
Loading area (SpyGlass_vS-2021.09-SP1) ... (picked from /fetools/synopsys/installed_tools/spyglass/S-2021.09-SP1/SPYGLASS_HOME/policies/area)
Loading Audits (SpyGlass_vS-2021.09-SP1) ... (picked from /fetools/synopsys/installed_tools/spyglass/S-2021.09-SP1/SPYGLASS_HOME/policies/Audits)
 Reading sgdc file "con_asyncfifo.sgdc" ...
Performing unification checks on SGDC... done

INFO [76]    Using './spyglass-1/WORK/64' as the Work Directory for 64bit precompiled dump.
Checking Rule SGDC_power_est29 (Rule 1 of total 530) .... done (Time = 0.00s, Memory = 0.0K)
Checking Rule PECHECK04 (Rule 2 of total 530) .... done (Time = 0.02s, Memory = 8.0K)
Checking Rule PECHECK18 (Rule 3 of total 530) .... done (Time = 0.00s, Memory = 0.0K)
Checking Rule PEMVDD01 (Rule 4 of total 530) .... done (Time = 0.00s, Memory = 0.0K)
Checking Rule Param_clockreset07 (Rule 5 of total 530) .... done (Time = 0.00s, Memory = 0.0K)
Checking Rule Clock_setup01 (Rule 6 of total 530) .... done (Time = 0.00s, Memory = 152.0K)
Checking Rule Param_clockreset06 (Rule 7 of total 530) .... done (Time = 0.00s, Memory = 0.0K)
Checking Rule Param_clockreset08 (Rule 8 of total 530) .... done (Time = 0.00s, Memory = 0.0K)
Checking Rule SGDC_meta_monitor_attributes01 (Rule 9 of total 530) .... done (Time = 0.00s, Memory = 0.0K)
Checking Rule LP_POWERDATA_CHECK (Rule 10 of total 530) .... done (Time = 0.00s, Memory = 0.0K)
Checking Rule LP_POWERDATA_READ (Rule 11 of total 530) .... done (Time = 0.00s, Memory = 0.0K)
Checking Rule Ar_auxi01 (Rule 12 of total 530) .... done (Time = 0.00s, Memory = 0.0K)
Checking Rule PrecompileLibCheck01 (Rule 13 of total 530) .... done (Time = 0.00s, Memory = 0.0K)
Checking Rule PrecompileLibCheck02 (Rule 14 of total 530) .... done (Time = 0.00s, Memory = 0.0K)
Checking Rule PrecompileLibCheck03 (Rule 15 of total 530) .... done (Time = 0.00s, Memory = 0.0K)
Checking Rule PrecompileLibCheck04 (Rule 16 of total 530) .... done (Time = 0.00s, Memory = 0.0K)
Checking Rule AbstractInterface (Rule 17 of total 530) .... done (Time = 0.00s, Memory = 0.0K)
Checking Rule SGDC_assume_path01 (Rule 18 of total 530) .... done (Time = 0.00s, Memory = 0.0K)
Checking Rule SGDC_sdcschema02 (Rule 19 of total 530) .... done (Time = 0.00s, Memory = 2712.0K)
Checking Rule SGDC_clock05 (Rule 20 of total 530) .... done (Time = 0.00s, Memory = 0.0K)
Checking Rule SGDC_clock09 (Rule 21 of total 530) .... done (Time = 0.00s, Memory = 0.0K)
Checking Rule SGDC_force_ta05 (Rule 22 of total 530) .... done (Time = 0.00s, Memory = 0.0K)
Checking Rule SGDC_require_path03 (Rule 23 of total 530) .... done (Time = 0.00s, Memory = 0.0K)
Checking Rule SGDC_require_value03 (Rule 24 of total 530) .... done (Time = 0.00s, Memory = 0.0K)
Checking Rule SGDC_voltagedomain05 (Rule 25 of total 530) .... done (Time = 0.00s, Memory = 8.0K)
Checking Rule SGDC_voltagedomain06 (Rule 26 of total 530) .... done (Time = 0.00s, Memory = 0.0K)
Checking Rule SGDC_voltagedomain07 (Rule 27 of total 530) .... done (Time = 0.00s, Memory = 8.0K)
Checking Rule SGDC_powerdomainoutputs02 (Rule 28 of total 530) .... done (Time = 0.00s, Memory = 8.0K)
Checking Rule SGDC_supply01 (Rule 29 of total 530) .... done (Time = 0.00s, Memory = 0.0K)
Checking Rule SGDC_waive01 (Rule 30 of total 530) .... done (Time = 0.00s, Memory = 0.0K)
Checking Rule SGDC_waive02 (Rule 31 of total 530) .... done (Time = 0.00s, Memory = 0.0K)
Checking Rule SGDC_waive03 (Rule 32 of total 530) .... done (Time = 0.00s, Memory = 0.0K)
Checking Rule SGDC_waive04 (Rule 33 of total 530) .... done (Time = 0.00s, Memory = 0.0K)
Checking Rule SGDC_waive05 (Rule 34 of total 530) .... done (Time = 0.00s, Memory = 0.0K)
Checking Rule SGDC_waive06 (Rule 35 of total 530) .... done (Time = 0.00s, Memory = 0.0K)
Checking Rule SGDC_waive07 (Rule 36 of total 530) .... done (Time = 0.00s, Memory = 0.0K)
Checking Rule SGDC_waive08 (Rule 37 of total 530) .... done (Time = 0.00s, Memory = 0.0K)
Checking Rule SGDC_waive09 (Rule 38 of total 530) .... done (Time = 0.00s, Memory = 0.0K)
Checking Rule SGDC_waive10 (Rule 39 of total 530) .... done (Time = 0.00s, Memory = 0.0K)
Checking Rule SGDC_waive11 (Rule 40 of total 530) .... done (Time = 0.00s, Memory = 0.0K)
Checking Rule SGDC_waive12 (Rule 41 of total 530) .... done (Time = 0.00s, Memory = 0.0K)
Checking Rule SGDC_waive13 (Rule 42 of total 530) .... done (Time = 0.00s, Memory = 0.0K)
Checking Rule SGDC_waive21 (Rule 43 of total 530) .... done (Time = 0.00s, Memory = 0.0K)
Checking Rule SGDC_waive22 (Rule 44 of total 530) .... done (Time = 0.00s, Memory = 0.0K)
Checking Rule SGDC_waive30 (Rule 45 of total 530) .... done (Time = 0.00s, Memory = 0.0K)
Checking Rule SGDC_waive32 (Rule 46 of total 530) .... done (Time = 0.00s, Memory = 0.0K)
Checking Rule SGDC_waive33 (Rule 47 of total 530) .... done (Time = 0.00s, Memory = 0.0K)
Checking Rule SGDC_waive36 (Rule 48 of total 530) .... done (Time = 0.00s, Memory = 0.0K)
Checking Rule SGDC_waive38 (Rule 49 of total 530) .... done (Time = 0.00s, Memory = 0.0K)
Checking Rule SGDC_fifo01 (Rule 50 of total 530) .... done (Time = 0.00s, Memory = 0.0K)
Checking Rule SGDC_libgroup01 (Rule 51 of total 530) .... done (Time = 0.00s, Memory = 0.0K)
Checking Rule SGDC_libgroup02 (Rule 52 of total 530) .... done (Time = 0.00s, Memory = 0.0K)
Checking Rule SGDC_libgroup04 (Rule 53 of total 530) .... done (Time = 0.00s, Memory = 0.0K)
Checking Rule SGDC_power_data01 (Rule 54 of total 530) .... done (Time = 0.00s, Memory = 16.0K)
Checking Rule SGDC_ungroup01 (Rule 55 of total 530) .... done (Time = 0.00s, Memory = 0.0K)
Checking Rule SGDC_abstract_port06 (Rule 56 of total 530) .... done (Time = 0.00s, Memory = 8.0K)
Checking Rule SGDC_abstract_port14 (Rule 57 of total 530) .... done (Time = 0.00s, Memory = 8.0K)
Checking Rule SGDC_abstract_port15 (Rule 58 of total 530) .... done (Time = 0.00s, Memory = 0.0K)
Checking Rule SGDC_abstract_port18 (Rule 59 of total 530) .... done (Time = 0.00s, Memory = 0.0K)
Checking Rule sdc_init_rule (Rule 60 of total 530) .... done (Time = 0.00s, Memory = 0.0K)
Checking Rule CMD_ignorelibs01 (Rule 61 of total 530) .... done (Time = 0.00s, Memory = 0.0K)
Checking Rule ReportRuleNotRun (Rule 62 of total 530) .... done (Time = 0.01s, Memory = 0.0K)
Checking Rule SGDC_generated_clock03 (Rule 63 of total 530) .... done (Time = 0.00s, Memory = 0.0K)
Checking Rule SGDC_generated_clock04 (Rule 64 of total 530) .... done (Time = 0.00s, Memory = 8.0K)
Checking Rule SGDC_generated_clock05 (Rule 65 of total 530) .... done (Time = 0.00s, Memory = 8.0K)
Checking Rule SGDC_quasi_static_style02 (Rule 66 of total 530) .... done (Time = 0.00s, Memory = 0.0K)
Checking Rule SGDC_syncresetstyle01 (Rule 67 of total 530) .... done (Time = 0.00s, Memory = 0.0K)
Checking Rule SGDC_network_allowed_cells01 (Rule 68 of total 530) .... done (Time = 0.00s, Memory = 0.0K)
Checking Rule SGDC_numflops01 (Rule 69 of total 530) .... done (Time = 0.00s, Memory = 0.0K)
Checking Rule SGDC_numflops07 (Rule 70 of total 530) .... done (Time = 0.00s, Memory = 8.0K)
Checking Rule SGDC_numflops08 (Rule 71 of total 530) .... done (Time = 0.00s, Memory = 8.0K)
Checking Rule SGDC_numflops09 (Rule 72 of total 530) .... done (Time = 0.00s, Memory = 0.0K)
Checking Rule SGDC_clocksense04 (Rule 73 of total 530) .... done (Time = 0.00s, Memory = 0.0K)
Checking Rule SGDC_reset_sense04 (Rule 74 of total 530) .... done (Time = 0.00s, Memory = 8.0K)
Checking Rule SGDC_reset_prop01 (Rule 75 of total 530) .... done (Time = 0.00s, Memory = 0.0K)
Checking Rule SGDC_sgclkgroup04 (Rule 76 of total 530) .... done (Time = 0.00s, Memory = 0.0K)
Checking Rule SGDC_clock_relation05a (Rule 77 of total 530) .... done (Time = 0.00s, Memory = 0.0K)
Checking Rule SGDC_clock_relation05b (Rule 78 of total 530) .... done (Time = 0.00s, Memory = 8.0K)
Checking Rule SGDC_sync_cell08a (Rule 79 of total 530) .... done (Time = 0.00s, Memory = 0.0K)
Checking Rule SGDC_sync_cell09a (Rule 80 of total 530) .... done (Time = 0.00s, Memory = 0.0K)
Checking Rule SGDC_glitch_free_mux_cell01 (Rule 81 of total 530) .... done (Time = 0.00s, Memory = 8.0K)
Checking Rule SGDC_qualifier06 (Rule 82 of total 530) .... done (Time = 0.00s, Memory = 16.0K)
Checking Rule SGDC_cdc_waive03 (Rule 83 of total 530) .... done (Time = 0.00s, Memory = 8.0K)
Checking Rule SGDC_qualifier15 (Rule 84 of total 530) .... done (Time = 0.00s, Memory = 8.0K)
Checking Rule SGDC_qualifier29 (Rule 85 of total 530) .... done (Time = 0.00s, Memory = 0.0K)
Checking Rule SGDC_allow_combo_logic01 (Rule 86 of total 530) .... done (Time = 0.00s, Memory = 8.0K)
Checking Rule SGDC_reset_filter_path01 (Rule 87 of total 530) .... done (Time = 0.00s, Memory = 0.0K)
Checking Rule SGDC_glitchfree_cell01 (Rule 88 of total 530) .... done (Time = 0.00s, Memory = 8.0K)
Checking Rule SGDC_cdc_false_path05 (Rule 89 of total 530) .... done (Time = 0.00s, Memory = 0.0K)
Checking Rule Param_clockreset05 (Rule 90 of total 530) .... done (Time = 0.00s, Memory = 0.0K)
Checking Rule Ac_sanity01 (Rule 91 of total 530) .... done (Time = 0.00s, Memory = 0.0K)
Checking Rule Ac_sanity06 (Rule 92 of total 530) .... done (Time = 0.00s, Memory = 0.0K)
Checking Rule Ac_license01 (Rule 93 of total 530) .... done (Time = 0.00s, Memory = 0.0K)
Checking Rule SGDC_reset_synchronizer07 (Rule 94 of total 530) .... done (Time = 0.00s, Memory = 0.0K)
Checking Rule SGDC_abstract_module02 (Rule 95 of total 530) .... done (Time = 0.00s, Memory = 8.0K)
Checking Rule ReportStopSummary (Rule 96 of total 530) .... done (Time = 0.00s, Memory = 0.0K)
Checking Rule ReportIgnoreSummary (Rule 97 of total 530) .... done (Time = 0.00s, Memory = 0.0K)
 Analyzing source file "async_fifo.v" ....
 Elaborating Top Verilog Design Unit 'async_fifo' .....
 done
Checking Rule ElabSummary (Rule 98 of total 530) .... done (Time = 0.00s, Memory = 2680.0K)
Checking Rule ReportCheckDataSummary (Rule 99 of total 530) .... done (Time = 0.00s, Memory = 0.0K)
 Reading waiver file "./spyglass-1/cdc/cdc_verify/spyglass_spysch/constraint/spg_autogenerated_waivers.sgdc" ...
 Generating WAIVER file "./spyglass-1/cdc/cdc_verify/spyglass_spysch/waiver/pragma2Waiver.swl" from pragmas in HDL source files ....
Checking Rule DetectTopDesignUnits (Rule 100 of total 530)
 Detected 1 top level design units:
     async_fifo
 .... done (Time = 0.00s, Memory = 2680.0K)
Performing semantic checks on SGDC contents
Checking Rule SGDC_testmode03 (Rule 101 of total 530) .... done (Time = 0.00s, Memory = 0.0K)
Checking Rule PECHECK09 (Rule 102 of total 530) .... done (Time = 0.00s, Memory = 0.0K)
Checking Rule ReportObsoletePragmas (Rule 103 of total 530) .... done (Time = 0.00s, Memory = 0.0K)
Checking Rule ReportCksum (Rule 104 of total 530) .... done (Time = 0.00s, Memory = -2680.0K)
Checking Rule checkSGDC_01 (Rule 105 of total 530) .... done (Time = 0.00s, Memory = 0.0K)
Checking Rule checkSGDC_03 (Rule 106 of total 530) .... done (Time = 0.00s, Memory = 0.0K)
Checking Rule checkSGDC_08 (Rule 107 of total 530) .... done (Time = 0.00s, Memory = 0.0K)
Checking Rule GenerateConfMap (Rule 108 of total 530) .... done (Time = 0.00s, Memory = 0.0K)
Checking Rule SGDC_memorywritepin04 (Rule 109 of total 530) .... done (Time = 0.00s, Memory = 8.0K)
Checking Rule SGDC_reset02 (Rule 110 of total 530) .... done (Time = 0.00s, Memory = 8.0K)
Checking Rule SGDC_reset03 (Rule 111 of total 530) .... done (Time = 0.00s, Memory = 8.0K)
Checking Rule SGDC_libgroup03 (Rule 112 of total 530) .... done (Time = 0.00s, Memory = 0.0K)
Checking Rule SGDC_ungroup02 (Rule 113 of total 530) .... done (Time = 0.00s, Memory = 0.0K)
Checking Rule HdlLibDuCheck (Rule 114 of total 530) .... done (Time = 0.00s, Memory = 0.0K)
Checking Rule Ac_multitop01 (Rule 115 of total 530) .... done (Time = 0.00s, Memory = 0.0K)
Checking Rule RtlDesignInfo (Rule 116 of total 530) .... done (Time = 0.00s, Memory = 8.0K)
Checking Rule Ac_sanity05 (Rule 117 of total 530) .... done (Time = 0.00s, Memory = 0.0K)
Checking Rule Ac_sanity05 (Rule 118 of total 530) .... done (Time = 0.00s, Memory = 0.0K)
Checking Rule Prereqs_STARC-1.6.2.1 (Rule 119 of total 530) .... done (Time = 0.00s, Memory = 0.0K)
Checking Rule Pragma_setupa (Rule 120 of total 530) .... done (Time = 0.00s, Memory = 0.0K)
Checking Rule Pragma_setupb (Rule 121 of total 530) .... done (Time = 0.00s, Memory = 0.0K)
Checking Rule CheckCelldefine (Rule 122 of total 530) .... done (Time = 0.00s, Memory = 0.0K)
Checking Rule SGDC_waive23 (Rule 123 of total 530) .... done (Time = 0.00s, Memory = 0.0K)
Checking Rule SGDC_waive26 (Rule 124 of total 530) .... done (Time = 0.00s, Memory = 0.0K)
Checking Rule SGDC_waive27 (Rule 125 of total 530) .... done (Time = 0.00s, Memory = 0.0K)
Checking Rule SGDC_waive29 (Rule 126 of total 530) .... done (Time = 0.00s, Memory = 8.0K)
Checking Rule SGDC_input03 (Rule 127 of total 530) .... done (Time = 0.00s, Memory = 0.0K)
Checking Rule SGDC_output04 (Rule 128 of total 530) .... done (Time = 0.00s, Memory = 0.0K)
Checking Rule SGDC_numflops03a (Rule 129 of total 530) .... done (Time = 0.00s, Memory = 0.0K)
Checking Rule SGDC_numflops03b (Rule 130 of total 530) .... done (Time = 0.00s, Memory = 0.0K)
Checking Rule SGDC_numflops12 (Rule 131 of total 530) .... done (Time = 0.00s, Memory = 0.0K)
Checking Rule SGDC_sync_cell11 (Rule 132 of total 530) .... done (Time = 0.00s, Memory = 8.0K)
Checking Rule _deltaDelay (Rule 133 of total 530) .... done (Time = 0.00s, Memory = 0.0K)
Checking Rule _deltaDelay (Rule 134 of total 530) .... done (Time = 0.00s, Memory = 0.0K)
Checking ELABDU Rules for designUnit async_fifo
    Checking Rule Prereqs_ConstantInput-ML (Rule 135 of total 530) .... done (Time = 0.00s, Memory = 8.0K)
    Checking Rule Prereqs_ConstantInput-ML (Rule 136 of total 530) .... done (Time = 0.00s, Memory = 32.0K)
    Checking Rule GenTopLevelBlocksForAutoSoc (Rule 137 of total 530) .... done (Time = 0.00s, Memory = 0.0K)
    Checking Rule Ac_classify_param01 (Rule 138 of total 530) .... done (Time = 0.00s, Memory = 0.0K)
    Checking Rule AcOvlRtl (Rule 139 of total 530) .... done (Time = 0.00s, Memory = 0.0K)
    Checking Rule AcOvlRtl (Rule 140 of total 530) .... done (Time = 0.00s, Memory = 32.0K)
Checking ELABDU Rules for designUnit write_pointer_handler
    Checking Rule Prereqs_ConstantInput-ML (Rule 135 of total 530) .... done (Time = 0.00s, Memory = 0.0K)
    Checking Rule Prereqs_ConstantInput-ML (Rule 136 of total 530) .... done (Time = 0.00s, Memory = 32.0K)
    Checking Rule GenTopLevelBlocksForAutoSoc (Rule 137 of total 530) .... done (Time = 0.00s, Memory = 0.0K)
    Checking Rule Ac_classify_param01 (Rule 138 of total 530) .... done (Time = 0.00s, Memory = 0.0K)
    Checking Rule AcOvlRtl (Rule 139 of total 530) .... done (Time = 0.00s, Memory = 0.0K)
    Checking Rule AcOvlRtl (Rule 140 of total 530) .... done (Time = 0.00s, Memory = 32.0K)
Checking ELABDU Rules for designUnit read_pointer_handler
    Checking Rule Prereqs_ConstantInput-ML (Rule 135 of total 530) .... done (Time = 0.00s, Memory = 0.0K)
    Checking Rule Prereqs_ConstantInput-ML (Rule 136 of total 530) .... done (Time = 0.00s, Memory = 32.0K)
    Checking Rule GenTopLevelBlocksForAutoSoc (Rule 137 of total 530) .... done (Time = 0.00s, Memory = 0.0K)
    Checking Rule Ac_classify_param01 (Rule 138 of total 530) .... done (Time = 0.00s, Memory = 0.0K)
    Checking Rule AcOvlRtl (Rule 139 of total 530) .... done (Time = 0.00s, Memory = 0.0K)
    Checking Rule AcOvlRtl (Rule 140 of total 530) .... done (Time = 0.00s, Memory = 32.0K)
Checking ELABDU Rules for designUnit async_fifo
    Checking Rule Ac_setOvlDataInSynthesis (Rule 141 of total 530) .... done (Time = 0.00s, Memory = 0.0K)
Checking ELABDU Rules for designUnit write_pointer_handler
    Checking Rule Ac_setOvlDataInSynthesis (Rule 141 of total 530) .... done (Time = 0.00s, Memory = 0.0K)
Checking ELABDU Rules for designUnit read_pointer_handler
    Checking Rule Ac_setOvlDataInSynthesis (Rule 141 of total 530) .... done (Time = 0.00s, Memory = 0.0K)
Checking Rule PECHECK56 (Rule 142 of total 530) .... done (Time = 0.00s, Memory = 0.0K)
Checking Rule SGDC_meta_design_hier01 (Rule 143 of total 530) .... done (Time = 0.00s, Memory = 0.0K)
Checking Rule SGDC_waive24 (Rule 144 of total 530) .... done (Time = 0.00s, Memory = 0.0K)
Checking Rule SGDC_waive25 (Rule 145 of total 530) .... done (Time = 0.00s, Memory = 0.0K)
Checking Rule SGDC_waive31 (Rule 146 of total 530) .... done (Time = 0.00s, Memory = 0.0K)
Checking Rule SGDC_waive35 (Rule 147 of total 530) .... done (Time = 0.00s, Memory = 0.0K)
 Synthesizing module: read_pointer_handler (elaborated name: read_pointer_handler) ... (Module 1 of total 3)  done 
 Synthesizing module: write_pointer_handler (elaborated name: write_pointer_handler) ... (Module 2 of total 3)  done 
 Synthesizing module: async_fifo (elaborated name: async_fifo) ... (Module 3 of total 3)  done 
 Synthesis completed.
Checking Rule InferBlackBox (Rule 148 of total 530) .... done (Time = 0.01s, Memory = 0.0K)
Checking Rule checkCMD_mthresh (Rule 149 of total 530) .... done (Time = 0.00s, Memory = 0.0K)

INFO [234]    Saving design database in directory './spyglass-1/.SG_SaveRestoreDB/autogenerated__default_snapshot' ...
              done

Checking Rule SGDC_waive37 (Rule 150 of total 530) .... done (Time = 0.00s, Memory = 0.0K)
Checking Rule Txv_SvaSetup01 for module read_pointer_handler (Rule 151 of total 530) .... done (Time = 0.00s, Memory = 0.0K)
Checking Rule PESVASETUP01 for module read_pointer_handler (Rule 152 of total 530) .... done (Time = 0.00s, Memory = 0.0K)
Checking Rule _meta_delay01 for module read_pointer_handler (Rule 153 of total 530) .... done (Time = 0.00s, Memory = 0.0K)
Checking Rule _cdc_save_license01 for module read_pointer_handler (Rule 154 of total 530) .... done (Time = 0.00s, Memory = 0.0K)
Checking Rule _syncResetStyleRTL for module read_pointer_handler (Rule 155 of total 530) .... done (Time = 0.00s, Memory = 0.0K)
Checking Rule Ac_svasetup01 for module read_pointer_handler (Rule 156 of total 530) .... done (Time = 0.00s, Memory = 0.0K)
Checking Rule Txv_SvaSetup01 for module write_pointer_handler (Rule 151 of total 530) .... done (Time = 0.00s, Memory = 0.0K)
Checking Rule PESVASETUP01 for module write_pointer_handler (Rule 152 of total 530) .... done (Time = 0.00s, Memory = 0.0K)
Checking Rule _meta_delay01 for module write_pointer_handler (Rule 153 of total 530) .... done (Time = 0.00s, Memory = 0.0K)
Checking Rule _cdc_save_license01 for module write_pointer_handler (Rule 154 of total 530) .... done (Time = 0.00s, Memory = 0.0K)
Checking Rule _syncResetStyleRTL for module write_pointer_handler (Rule 155 of total 530) .... done (Time = 0.00s, Memory = 0.0K)
Checking Rule Ac_svasetup01 for module write_pointer_handler (Rule 156 of total 530) .... done (Time = 0.00s, Memory = 0.0K)
Checking Rule Txv_SvaSetup01 for module async_fifo (Rule 151 of total 530) .... done (Time = 0.00s, Memory = 0.0K)
Checking Rule PESVASETUP01 for module async_fifo (Rule 152 of total 530) .... done (Time = 0.00s, Memory = 0.0K)
Checking Rule _meta_delay01 for module async_fifo (Rule 153 of total 530) .... done (Time = 0.00s, Memory = 0.0K)
Checking Rule _cdc_save_license01 for module async_fifo (Rule 154 of total 530) .... done (Time = 0.00s, Memory = 0.0K)
Checking Rule _syncResetStyleRTL for module async_fifo (Rule 155 of total 530) .... done (Time = 0.00s, Memory = 0.0K)
Checking Rule Ac_svasetup01 for module async_fifo (Rule 156 of total 530) .... done (Time = 0.00s, Memory = 0.0K)
Performing semantic checks on SGDC contents
Checking Rule SGDC_testmode03 (Rule 101 of total 530) .... done (Time = 0.00s, Memory = 0.0K)
Checking Rule _abstractPortSGDC (Rule 157 of total 530) .... done (Time = 0.00s, Memory = 0.0K)
Checking Rule SGDC_abstract_port03 (Rule 158 of total 530) .... done (Time = 0.00s, Memory = 0.0K)
Checking Rule SGDC_abstract_port04 (Rule 159 of total 530) .... done (Time = 0.00s, Memory = 0.0K)
Checking Rule SGDC_abstract_port05 (Rule 160 of total 530) .... done (Time = 0.00s, Memory = 0.0K)
Checking Rule SGDC_abstract_port07 (Rule 161 of total 530) .... done (Time = 0.00s, Memory = 0.0K)
Checking Rule SGDC_abstract_port08 (Rule 162 of total 530) .... done (Time = 0.00s, Memory = 0.0K)
Checking Rule SGDC_abstract_port10 (Rule 163 of total 530) .... done (Time = 0.00s, Memory = 0.0K)
Checking Rule SGDC_abstract_port11 (Rule 164 of total 530) .... done (Time = 0.00s, Memory = 0.0K)
Checking Rule SGDC_abstract_port12 (Rule 165 of total 530) .... done (Time = 0.00s, Memory = 0.0K)
Checking Rule SGDC_abstract_port13 (Rule 166 of total 530) .... done (Time = 0.00s, Memory = 0.0K)
Checking Rule _deltaDelayNom (Rule 167 of total 530) .... done (Time = 0.00s, Memory = 0.0K)
Checking Rule ReportUngroup (Rule 168 of total 530) .... done (Time = 0.00s, Memory = 0.0K)
Checking Rule ResetFlop-ML (Rule 169 of total 530) .... done (Time = 0.00s, Memory = 2648.0K)
Checking Rule SGDC_allow_combo_logic02 (Rule 170 of total 530) .... done (Time = 0.00s, Memory = 0.0K)
Checking Rule _portRetenClocknReset (Rule 171 of total 530) .... done (Time = 0.00s, Memory = 0.0K)
Checking Rule _portReten (Rule 172 of total 530) .... done (Time = 0.00s, Memory = 0.0K)
Checking Rule LP_POWERDATA_INFO (Rule 173 of total 530) .... done (Time = 0.00s, Memory = 0.0K)
Checking Rule SGDC_abstract_port21 (Rule 174 of total 530) .... done (Time = 0.00s, Memory = 0.0K)
Checking Rule SGDC_sync_cell02b (Rule 175 of total 530) .... done (Time = 0.00s, Memory = 0.0K)
Checking Rule Ac_qualifier_depth (Rule 176 of total 530) .... done (Time = 0.00s, Memory = 0.0K)
Checking Rule LPwrRulesSetup (Rule 177 of total 530) .... done (Time = 0.00s, Memory = 0.0K)
Checking Rule SGDC_assume_path05 (Rule 178 of total 530) .... done (Time = 0.00s, Memory = 0.0K)
 Flattening async_fifo (.lib instances separately flattened) ....
 Flattening completed
Checking Rule SGDC_clock_ref_clock01 (Rule 179 of total 530) .... done (Time = 0.00s, Memory = 0.0K)
Checking Rule SGDC_quasi_static_style01 (Rule 180 of total 530) .... done (Time = 0.00s, Memory = 0.0K)
Checking Rule CheckBackToBackSyncCellSetup (Rule 181 of total 530) .... done (Time = 0.00s, Memory = 0.0K)
Checking Rule SignalTypeSetup (Rule 182 of total 530) .... done (Time = 0.00s, Memory = 0.0K)
Checking Rule SGDC_qualifier34 (Rule 183 of total 530) .... done (Time = 0.00s, Memory = 0.0K)
Checking Rule _allowInst (Rule 184 of total 530) .... done (Time = 0.00s, Memory = 0.0K)
Checking Rule _ipblock (Rule 185 of total 530) .... done (Time = 0.00s, Memory = 0.0K)
Checking Rule _rstSyncCellInst (Rule 186 of total 530) .... done (Time = 0.00s, Memory = 0.0K)
Checking Rule _syncCellDelayedQualifier (Rule 187 of total 530) .... done (Time = 0.00s, Memory = 0.0K)
Checking Rule _repeaterCellInst (Rule 188 of total 530) .... done (Time = 0.00s, Memory = 0.0K)
Checking Rule _abstract_port (Rule 189 of total 530) .... done (Time = 0.00s, Memory = 0.0K)
Checking Rule Clock_setup02 (Rule 190 of total 530) .... done (Time = 0.00s, Memory = 1552.0K)
Checking Rule _propagate_cdcAttrib (Rule 191 of total 530) .... done (Time = 0.00s, Memory = 0.0K)
Checking Rule Clock_prop (Rule 192 of total 530) .... done (Time = 0.01s, Memory = 48.0K)
Checking Rule Reset_prop (Rule 193 of total 530) .... done (Time = 0.00s, Memory = 824.0K)
Checking Rule SGDC_generated_clock06 (Rule 194 of total 530) .... done (Time = 0.00s, Memory = 0.0K)
Checking Rule SGDC_clock_sanity01 (Rule 195 of total 530) .... done (Time = 0.00s, Memory = 0.0K)
Checking Rule _sync_sanity (Rule 196 of total 530) .... done (Time = 0.00s, Memory = 8.0K)
Checking Rule _syncreset_prop (Rule 197 of total 530) .... done (Time = 0.00s, Memory = 8.0K)
Checking Rule Propagate_Clocks (Rule 198 of total 530) .... done (Time = 0.02s, Memory = -2400.0K)
Checking Rule _syncc (Rule 199 of total 530) .... done (Time = 0.00s, Memory = 0.0K)
Checking Rule _syncb (Rule 200 of total 530) .... done (Time = 0.00s, Memory = 0.0K)
Checking Rule _resetPathCross (Rule 201 of total 530) .... done (Time = 0.00s, Memory = 0.0K)
Checking Rule FalsePathSetup (Rule 202 of total 530) .... done (Time = 0.00s, Memory = 0.0K)
Checking Rule FalsePathSetupFieldIgnored (Rule 203 of total 530) .... done (Time = 0.00s, Memory = 0.0K)
Checking Rule _fifo01 (Rule 204 of total 530) .... done (Time = 0.00s, Memory = 0.0K)
Checking Rule _syncfifo (Rule 205 of total 530) .... done (Time = 0.00s, Memory = 0.0K)
Checking Rule _syncUDfifo (Rule 206 of total 530) .... done (Time = 0.02s, Memory = 40.0K)
Checking Rule _syncdw (Rule 207 of total 530) .... done (Time = 0.00s, Memory = 0.0K)
Checking Rule _syncd (Rule 208 of total 530) .... done (Time = 0.00s, Memory = 0.0K)
Checking Rule _syncg (Rule 209 of total 530) .... done (Time = 0.00s, Memory = 0.0K)
Checking Rule _sync_clock (Rule 210 of total 530) .... done (Time = 0.00s, Memory = 0.0K)
Checking Rule _sync_gp (Rule 211 of total 530) .... done (Time = 0.00s, Memory = 0.0K)
Checking Rule _sync_and (Rule 212 of total 530) .... done (Time = 0.00s, Memory = 0.0K)
Checking Rule _synci (Rule 213 of total 530) .... done (Time = 0.00s, Memory = 0.0K)
Checking Rule _sync_qualifier (Rule 214 of total 530) .... done (Time = 0.00s, Memory = 0.0K)
Checking Rule SGDC_fifo11 (Rule 215 of total 530) .... done (Time = 0.00s, Memory = 0.0K)
Checking Rule SGDC_fifo12 (Rule 216 of total 530) .... done (Time = 0.01s, Memory = 0.0K)
Checking Rule SGDC_fifo13 (Rule 217 of total 530) .... done (Time = 0.00s, Memory = 0.0K)
Checking Rule SGDC_fifo14 (Rule 218 of total 530) .... done (Time = 0.00s, Memory = 0.0K)
Checking Rule _debugData (Rule 219 of total 530) .... done (Time = 0.01s, Memory = 96.0K)
Checking Rule _auto_dom_abstraction (Rule 220 of total 530) .... done (Time = 0.00s, Memory = 0.0K)
Checking Rule Ac_Sync_Init (Rule 221 of total 530) .... done (Time = 0.02s, Memory = 400.0K)
Checking Rule Clockmatrix01_Init (Rule 222 of total 530) .... done (Time = 0.00s, Memory = 0.0K)
Checking Rule _resetDeassertStable (Rule 223 of total 530) .... done (Time = 0.00s, Memory = 0.0K)
Checking Rule Ar_Cross_Init (Rule 224 of total 530) .... done (Time = 0.00s, Memory = 0.0K)
Checking Rule SGDC_clockreset03 (Rule 225 of total 530) .... done (Time = 0.00s, Memory = 0.0K)
Checking Rule SGDC_cdc_define_transition01 (Rule 226 of total 530) .... done (Time = 0.00s, Memory = 0.0K)
Checking Rule SGDC_cdc_glitch_end_point (Rule 227 of total 530) .... done (Time = 0.00s, Memory = 0.0K)
Checking Rule CdcAttributeSetup (Rule 228 of total 530) .... done (Time = 0.00s, Memory = 0.0K)
Checking Rule SGDC_multiple_virtual_clock01 (Rule 229 of total 530) .... done (Time = 0.00s, Memory = 0.0K)
Checking Rule Param_SCAValidation (Rule 230 of total 530) .... done (Time = 0.00s, Memory = 0.0K)
Checking Rule SGDC_reset_filter_path_validation_Init (Rule 231 of total 530) .... done (Time = 0.00s, Memory = 0.0K)
Checking Rule UPF_lowpower08PR (Rule 232 of total 530) .... done (Time = 0.00s, Memory = 24.0K)
Checking Rule UPF_lowpower08 (Rule 233 of total 530) .... done (Time = 0.00s, Memory = -8.0K)
Checking Rule Setup_check01 (Rule 234 of total 530) .... done (Time = 0.00s, Memory = 0.0K)
Checking Rule Setup_check02 (Rule 235 of total 530) .... done (Time = 0.00s, Memory = 2656.0K)
Checking Rule Info_Case_Analysis (Rule 236 of total 530) .... done (Time = 0.01s, Memory = 32.0K)
Checking Rule SGDC_set_case_analysis_LC (Rule 237 of total 530) .... done (Time = 0.00s, Memory = 0.0K)
Checking Rule SGDC_input02 (Rule 238 of total 530) .... done (Time = 0.00s, Memory = 0.0K)
Checking Rule SGDC_output02 (Rule 239 of total 530) .... done (Time = 0.00s, Memory = 0.0K)
Checking Rule SGDC_clock_relation01 (Rule 240 of total 530) .... done (Time = 0.00s, Memory = 0.0K)
Checking Rule SGDC_quasi_static02 (Rule 241 of total 530) .... done (Time = 0.00s, Memory = 0.0K)
Checking Rule SGDC_quasi_static04 (Rule 242 of total 530) .... done (Time = 0.00s, Memory = 0.0K)
Checking Rule Setup_quasi_static01 (Rule 243 of total 530) .... done (Time = 0.00s, Memory = 16.0K)
Checking Rule SGDC_glitch_multi_src_unate_check01 (Rule 244 of total 530) .... done (Time = 0.00s, Memory = 0.0K)
Checking Rule SGDC_glitch_multi_src_unate_check02 (Rule 245 of total 530) .... done (Time = 0.00s, Memory = 0.0K)
Checking Rule SGDC_signal_in_domain02 (Rule 246 of total 530) .... done (Time = 0.00s, Memory = 0.0K)
Checking Rule SGDC_signal_in_domain04 (Rule 247 of total 530) .... done (Time = 0.00s, Memory = 0.0K)
Checking Rule SGDC_numflops03c (Rule 248 of total 530) .... done (Time = 0.00s, Memory = 0.0K)
Checking Rule SGDC_numflops04 (Rule 249 of total 530) .... done (Time = 0.00s, Memory = 0.0K)
Checking Rule SGDC_numflops05 (Rule 250 of total 530) .... done (Time = 0.01s, Memory = 0.0K)
Checking Rule SGDC_numflops06 (Rule 251 of total 530) .... done (Time = 0.00s, Memory = 0.0K)
Checking Rule SGDC_numflops11 (Rule 252 of total 530) .... done (Time = 0.00s, Memory = 0.0K)
Checking Rule SGDC_numflops13 (Rule 253 of total 530) .... done (Time = 0.00s, Memory = 0.0K)
Checking Rule SGDC_numflops14 (Rule 254 of total 530) .... done (Time = 0.00s, Memory = 0.0K)
Checking Rule SGDC_numflops15 (Rule 255 of total 530) .... done (Time = 0.00s, Memory = 0.0K)
Checking Rule SGDC_numflops16 (Rule 256 of total 530) .... done (Time = 0.00s, Memory = 0.0K)
Checking Rule SGDC_clocksense02 (Rule 257 of total 530) .... done (Time = 0.00s, Memory = 0.0K)
Checking Rule SGDC_clocksense03 (Rule 258 of total 530) .... done (Time = 0.00s, Memory = 0.0K)
Checking Rule SGDC_sgclkgroup01 (Rule 259 of total 530) .... done (Time = 0.00s, Memory = 0.0K)
Checking Rule SGDC_sgclkgroup02 (Rule 260 of total 530) .... done (Time = 0.00s, Memory = 0.0K)
Checking Rule SGDC_sgclkgroup03 (Rule 261 of total 530) .... done (Time = 0.00s, Memory = 0.0K)
Checking Rule SGDC_clock_relation01a (Rule 262 of total 530) .... done (Time = 0.00s, Memory = 0.0K)
Checking Rule SGDC_clock_relation01b (Rule 263 of total 530) .... done (Time = 0.00s, Memory = 0.0K)
Checking Rule SGDC_clock_relation01c (Rule 264 of total 530) .... done (Time = 0.00s, Memory = 8.0K)
Checking Rule SGDC_clock_relation02a (Rule 265 of total 530) .... done (Time = 0.00s, Memory = 0.0K)
Checking Rule SGDC_clock_relation02b (Rule 266 of total 530) .... done (Time = 0.00s, Memory = 0.0K)
Checking Rule SGDC_clock_relation02c (Rule 267 of total 530) .... done (Time = 0.00s, Memory = 0.0K)
Checking Rule SGDC_clock_relation03b (Rule 268 of total 530) .... done (Time = 0.00s, Memory = 0.0K)
Checking Rule SGDC_clock_relation04b (Rule 269 of total 530) .... done (Time = 0.00s, Memory = 0.0K)
Checking Rule SGDC_clock_relation06b (Rule 270 of total 530) .... done (Time = 0.00s, Memory = 0.0K)
Checking Rule SGDC_clock_relation06c (Rule 271 of total 530) .... done (Time = 0.00s, Memory = 0.0K)
Checking Rule CheckClockRelationSetup (Rule 272 of total 530) .... done (Time = 0.00s, Memory = 0.0K)
Checking Rule SGDC_gray_signals01 (Rule 273 of total 530) .... done (Time = 0.00s, Memory = 0.0K)
Checking Rule SGDC_gray_signals02 (Rule 274 of total 530) .... done (Time = 0.00s, Memory = 0.0K)
Checking Rule SGDC_gray_signals03 (Rule 275 of total 530) .... done (Time = 0.00s, Memory = 0.0K)
Checking Rule SGDC_qualifier02a (Rule 276 of total 530) .... done (Time = 0.00s, Memory = 0.0K)
Checking Rule SGDC_qualifier02c (Rule 277 of total 530) .... done (Time = 0.00s, Memory = 0.0K)
Checking Rule SGDC_qualifier03a (Rule 278 of total 530) .... done (Time = 0.00s, Memory = 0.0K)
Checking Rule SGDC_qualifier03c (Rule 279 of total 530) .... done (Time = 0.00s, Memory = 0.0K)
Checking Rule SGDC_qualifier04 (Rule 280 of total 530) .... done (Time = 0.00s, Memory = 0.0K)
Checking Rule SGDC_qualifier05 (Rule 281 of total 530) .... done (Time = 0.00s, Memory = 0.0K)
Checking Rule SGDC_qualifier07 (Rule 282 of total 530) .... done (Time = 0.00s, Memory = 0.0K)
Checking Rule SGDC_qualifier08 (Rule 283 of total 530) .... done (Time = 0.00s, Memory = 0.0K)
Checking Rule SGDC_qualifier32a (Rule 284 of total 530) .... done (Time = 0.00s, Memory = 0.0K)
Checking Rule SGDC_qualifier32c (Rule 285 of total 530) .... done (Time = 0.00s, Memory = 0.0K)
Checking Rule SGDC_qualifier32d (Rule 286 of total 530) .... done (Time = 0.00s, Memory = 0.0K)
Checking Rule SGDC_qualifier33a (Rule 287 of total 530) .... done (Time = 0.00s, Memory = 0.0K)
Checking Rule SGDC_qualifier33c (Rule 288 of total 530) .... done (Time = 0.00s, Memory = 0.0K)
Checking Rule SGDC_qualifier33d (Rule 289 of total 530) .... done (Time = 0.00s, Memory = 0.0K)
Checking Rule SGDC_qualifier35 (Rule 290 of total 530) .... done (Time = 0.00s, Memory = 0.0K)
Checking Rule QualifierSetup (Rule 291 of total 530) .... done (Time = 0.00s, Memory = 8.0K)
Checking Rule SGDC_same_domain_signals01 (Rule 292 of total 530) .... done (Time = 0.00s, Memory = 0.0K)
Checking Rule ResetSynchronizerSetup (Rule 293 of total 530) .... done (Time = 0.00s, Memory = 0.0K)
Checking Rule SGDC_cdc_waive04 (Rule 294 of total 530) .... done (Time = 0.00s, Memory = 0.0K)
Checking Rule SGDC_cdc_waive05 (Rule 295 of total 530) .... done (Time = 0.00s, Memory = 0.0K)
Checking Rule SGDC_cdc_waive06 (Rule 296 of total 530) .... done (Time = 0.00s, Memory = 0.0K)
Checking Rule SGDC_cdc_waive07 (Rule 297 of total 530) .... done (Time = 0.00s, Memory = 0.0K)
Checking Rule SGDC_validation_filter_path03 (Rule 298 of total 530) .... done (Time = 0.00s, Memory = 0.0K)
Checking Rule SGDC_qualifier09 (Rule 299 of total 530) .... done (Time = 0.00s, Memory = 0.0K)
Checking Rule SGDC_qualifier10 (Rule 300 of total 530) .... done (Time = 0.00s, Memory = 0.0K)
Checking Rule SGDC_qualifier11 (Rule 301 of total 530) .... done (Time = 0.00s, Memory = 0.0K)
Checking Rule SGDC_qualifier12 (Rule 302 of total 530) .... done (Time = 0.00s, Memory = 0.0K)
Checking Rule SGDC_qualifier13 (Rule 303 of total 530) .... done (Time = 0.00s, Memory = 0.0K)
Checking Rule SGDC_qualifier14 (Rule 304 of total 530) .... done (Time = 0.00s, Memory = 0.0K)
Checking Rule SGDC_qualifier16 (Rule 305 of total 530) .... done (Time = 0.00s, Memory = 0.0K)
Checking Rule SGDC_qualifier18 (Rule 306 of total 530) .... done (Time = 0.00s, Memory = 0.0K)
Checking Rule SGDC_qualifier19a (Rule 307 of total 530) .... done (Time = 0.00s, Memory = 0.0K)
Checking Rule SGDC_qualifier19b (Rule 308 of total 530) .... done (Time = 0.00s, Memory = 0.0K)
Checking Rule SGDC_qualifier19c (Rule 309 of total 530) .... done (Time = 0.00s, Memory = 0.0K)
Checking Rule SGDC_qualifier20b (Rule 310 of total 530) .... done (Time = 0.00s, Memory = 0.0K)
Checking Rule SGDC_qualifier21 (Rule 311 of total 530) .... done (Time = 0.00s, Memory = 0.0K)
Checking Rule SGDC_qualifier22 (Rule 312 of total 530) .... done (Time = 0.00s, Memory = 0.0K)
Checking Rule SGDC_qualifier23 (Rule 313 of total 530) .... done (Time = 0.00s, Memory = 0.0K)
Checking Rule SGDC_qualifier24 (Rule 314 of total 530) .... done (Time = 0.00s, Memory = 0.0K)
Checking Rule SGDC_qualifier25 (Rule 315 of total 530) .... done (Time = 0.00s, Memory = 0.0K)
Checking Rule SGDC_qualifier26 (Rule 316 of total 530) .... done (Time = 0.00s, Memory = 0.0K)
Checking Rule SGDC_qualifier27 (Rule 317 of total 530) .... done (Time = 0.00s, Memory = 0.0K)
Checking Rule SGDC_qualifier28 (Rule 318 of total 530) .... done (Time = 0.00s, Memory = 0.0K)
Checking Rule SGDC_qualifier30 (Rule 319 of total 530) .... done (Time = 0.00s, Memory = 0.0K)
Checking Rule SGDC_qualifier31 (Rule 320 of total 530) .... done (Time = 0.00s, Memory = 0.0K)
Checking Rule SGDC_virtualclock01 (Rule 321 of total 530) .... done (Time = 0.00s, Memory = 0.0K)
Checking Rule SGDC_virtualclock02 (Rule 322 of total 530) .... done (Time = 0.00s, Memory = 0.0K)
Checking Rule SGDC_virtualreset01 (Rule 323 of total 530) .... done (Time = 0.00s, Memory = 0.0K)
Checking Rule SGDC_abstract_port19 (Rule 324 of total 530) .... done (Time = 0.00s, Memory = 0.0K)
Checking Rule SGDC_abstract_port20 (Rule 325 of total 530) .... done (Time = 0.00s, Memory = 0.0K)
Checking Rule SGDC_abstract_port25 (Rule 326 of total 530) .... done (Time = 0.00s, Memory = 0.0K)
Checking Rule SGDC_abstract_port23 (Rule 327 of total 530) .... done (Time = 0.00s, Memory = 0.0K)
Checking Rule SGDC_abstract_port24 (Rule 328 of total 530) .... done (Time = 0.00s, Memory = 0.0K)
Checking Rule SGDC_abstract_port25a (Rule 329 of total 530) .... done (Time = 0.00s, Memory = 0.0K)
Checking Rule SGDC_abstract_port25b (Rule 330 of total 530) .... done (Time = 0.00s, Memory = 0.0K)
Checking Rule SGDC_abstract_port28 (Rule 331 of total 530) .... done (Time = 0.00s, Memory = 0.0K)
Checking Rule RFPSetup (Rule 332 of total 530) .... done (Time = 0.00s, Memory = 0.0K)
Checking Rule SGDC_quasi_static_rdc01a (Rule 333 of total 530) .... done (Time = 0.00s, Memory = 0.0K)
Checking Rule SGDC_quasi_static_rdc01b (Rule 334 of total 530) .... done (Time = 0.00s, Memory = 0.0K)
Checking Rule SGDC_quasi_static_rdc01c (Rule 335 of total 530) .... done (Time = 0.00s, Memory = 0.0K)
Checking Rule QuasiStaticRdcSetup (Rule 336 of total 530) .... done (Time = 0.00s, Memory = 0.0K)
Checking Rule SGDC_quasi_static_rdc02 (Rule 337 of total 530) .... done (Time = 0.00s, Memory = 0.0K)
Checking Rule SGDC_quasi_static_rdc03 (Rule 338 of total 530) .... done (Time = 0.00s, Memory = 0.0K)
Checking Rule SGDC_quasi_static_rdc04 (Rule 339 of total 530) .... done (Time = 0.00s, Memory = 0.0K)
Checking Rule SGDC_quasi_static_rdc05 (Rule 340 of total 530) .... done (Time = 0.00s, Memory = 0.0K)
Checking Rule SGDC_reset_filter_path02a (Rule 341 of total 530) .... done (Time = 0.00s, Memory = 0.0K)
Checking Rule SGDC_reset_filter_path02b (Rule 342 of total 530) .... done (Time = 0.00s, Memory = 8.0K)
Checking Rule SGDC_reset_filter_path02c (Rule 343 of total 530) .... done (Time = 0.00s, Memory = 0.0K)
Checking Rule SGDC_reset_filter_path03a (Rule 344 of total 530) .... done (Time = 0.00s, Memory = 0.0K)
Checking Rule SGDC_reset_filter_path03b (Rule 345 of total 530) .... done (Time = 0.00s, Memory = 0.0K)
Checking Rule SGDC_reset_filter_path03c (Rule 346 of total 530) .... done (Time = 0.00s, Memory = 0.0K)
Checking Rule SGDC_reset_filter_path04b (Rule 347 of total 530) .... done (Time = 0.00s, Memory = 0.0K)
Checking Rule SGDC_reset_filter_path05a (Rule 348 of total 530) .... done (Time = 0.00s, Memory = 0.0K)
Checking Rule SGDC_reset_filter_path06a (Rule 349 of total 530) .... done (Time = 0.00s, Memory = 0.0K)
Checking Rule SGDC_reset_filter_path07a (Rule 350 of total 530) .... done (Time = 0.00s, Memory = 0.0K)
Checking Rule SGDC_reset_filter_path07b (Rule 351 of total 530) .... done (Time = 0.00s, Memory = 0.0K)
Checking Rule SGDC_reset_filter_path07c (Rule 352 of total 530) .... done (Time = 0.00s, Memory = 0.0K)
Checking Rule SGDC_reset_filter_path08a (Rule 353 of total 530) .... done (Time = 0.00s, Memory = 0.0K)
Checking Rule SGDC_reset_filter_path08b (Rule 354 of total 530) .... done (Time = 0.00s, Memory = 0.0K)
Checking Rule SGDC_reset_filter_path09a (Rule 355 of total 530) .... done (Time = 0.00s, Memory = 0.0K)
Checking Rule SGDC_define_reset_order03 (Rule 356 of total 530) .... done (Time = 0.00s, Memory = 0.0K)
Checking Rule SGDC_define_reset_order04 (Rule 357 of total 530) .... done (Time = 0.00s, Memory = 0.0K)
Checking Rule SGDC_define_reset_order05 (Rule 358 of total 530) .... done (Time = 0.00s, Memory = 0.0K)
Checking Rule SGDC_define_reset_order06 (Rule 359 of total 530) .... done (Time = 0.00s, Memory = 0.0K)
Checking Rule Clock_info01 (Rule 360 of total 530) .... done (Time = 0.00s, Memory = -2528.0K)
Checking Rule SGDC_virtualclock03 (Rule 361 of total 530) .... done (Time = 0.00s, Memory = 0.0K)
Checking Rule SGDC_cdc_false_path06 (Rule 362 of total 530) .... done (Time = 0.00s, Memory = 8.0K)
Checking Rule SGDC_cdc_false_path07 (Rule 363 of total 530) .... done (Time = 0.00s, Memory = 0.0K)
Checking Rule SGDC_cdc_false_path08 (Rule 364 of total 530) .... done (Time = 0.00s, Memory = 0.0K)
Checking Rule SGDC_cdc_false_path09 (Rule 365 of total 530) .... done (Time = 0.00s, Memory = 0.0K)
Checking Rule SGDC_cdc_false_path10 (Rule 366 of total 530) .... done (Time = 0.00s, Memory = 0.0K)
Checking Rule SGDC_cdc_false_path11 (Rule 367 of total 530) .... done (Time = 0.00s, Memory = 0.0K)
Checking Rule CDCSet_License01 (Rule 368 of total 530) .... done (Time = 0.00s, Memory = 0.0K)
Checking Rule Clock_info03a (Rule 369 of total 530) .... done (Time = 0.00s, Memory = 0.0K)
Checking Rule Clock_info03b (Rule 370 of total 530) .... done (Time = 0.00s, Memory = 0.0K)
Checking Rule Clock_info03c (Rule 371 of total 530) .... done (Time = 0.01s, Memory = 0.0K)
Checking Rule Ac_coherency06 (Rule 372 of total 530) .... done (Time = 0.00s, Memory = 32.0K)
Checking Rule Ac_unsync01 (Rule 373 of total 530) .... done (Time = 0.00s, Memory = 2656.0K)
Checking Rule Ac_unsync02 (Rule 374 of total 530) .... done (Time = 0.00s, Memory = 0.0K)
Checking Rule Ac_sync01 (Rule 375 of total 530) .... done (Time = 0.00s, Memory = 0.0K)
Checking Rule Ac_sync02 (Rule 376 of total 530) .... done (Time = 0.00s, Memory = 0.0K)
Checking Rule Ac_crossing01 (Rule 377 of total 530) .... done (Time = 0.00s, Memory = 0.0K)
Checking Rule Reset_info01 (Rule 378 of total 530) .... done (Time = 0.00s, Memory = 0.0K)
Checking Rule Propagate_Resets (Rule 379 of total 530) .... done (Time = 0.00s, Memory = 64.0K)
Checking Rule _reset_sync (Rule 380 of total 530) .... done (Time = 0.00s, Memory = 0.0K)
Checking Rule Setup_port01 (Rule 381 of total 530) .... done (Time = 0.00s, Memory = 0.0K)
Checking Rule Setup_blackbox01 (Rule 382 of total 530) .... done (Time = 0.00s, Memory = 0.0K)
Checking Rule Setup_library01 (Rule 383 of total 530) .... done (Time = 0.00s, Memory = 0.0K)
Checking Rule Reset_check11 (Rule 384 of total 530) .... done (Time = 0.00s, Memory = 0.0K)
Checking Rule Reset_info09a (Rule 385 of total 530) .... done (Time = 0.00s, Memory = 0.0K)
Checking Rule Reset_check12 (Rule 386 of total 530) .... done (Time = 0.01s, Memory = 32.0K)
Checking Rule Clock_sync05 (Rule 387 of total 530) .... done (Time = 0.00s, Memory = 0.0K)
Checking Rule Clock_sync06 (Rule 388 of total 530) .... done (Time = 0.00s, Memory = 0.0K)
Checking Rule Clock_sync05a (Rule 389 of total 530) .... done (Time = 0.00s, Memory = 0.0K)
Checking Rule Clock_sync06a (Rule 390 of total 530) .... done (Time = 0.00s, Memory = 0.0K)
Checking Rule Clock_info05c (Rule 391 of total 530) .... done (Time = 0.00s, Memory = 0.0K)
Checking Rule Clock_glitch_init (Rule 392 of total 530) .... done (Time = 0.00s, Memory = 0.0K)
Checking Rule FilterClockOverlapSetup (Rule 393 of total 530) .... done (Time = 0.00s, Memory = 0.0K)
Checking Rule Reset_check03 (Rule 394 of total 530) .... done (Time = 0.00s, Memory = 0.0K)
Checking Rule _clkWrapModules (Rule 395 of total 530) .... done (Time = 0.00s, Memory = 0.0K)
Checking Rule _clock_hier_rules (Rule 396 of total 530) .... done (Time = 0.00s, Memory = 0.0K)
Checking Rule Ar_sync_init (Rule 397 of total 530) .... done (Time = 0.01s, Memory = 48.0K)
Checking Rule _constrCoverage (Rule 398 of total 530) .... done (Time = 0.00s, Memory = 16.0K)
Checking Rule Clock_info15 (Rule 399 of total 530) .... done (Time = 0.00s, Memory = 0.0K)
Checking Rule Reset_sync02 (Rule 400 of total 530) .... done (Time = 0.00s, Memory = 0.0K)
Checking Rule SGDC_clockreset02 (Rule 401 of total 530) .... done (Time = 0.00s, Memory = 0.0K)
Checking Rule Param_clockreset02 (Rule 402 of total 530) .... done (Time = 0.00s, Memory = 0.0K)
Checking Rule Param_clockreset04 (Rule 403 of total 530) .... done (Time = 0.00s, Memory = 0.0K)
Checking Rule Setup_clockreset01 (Rule 404 of total 530) .... done (Time = 0.00s, Memory = 0.0K)
Checking Rule Clock_check07 (Rule 405 of total 530) .... done (Time = 0.00s, Memory = 0.0K)
Checking Rule Clock_check10 (Rule 406 of total 530) .... done (Time = 0.00s, Memory = 0.0K)
Checking Rule Reset_check08 (Rule 407 of total 530) .... done (Time = 0.00s, Memory = 0.0K)
Checking Rule DeltaDelaySetup01 (Rule 408 of total 530) .... done (Time = 0.00s, Memory = 0.0K)
Checking Rule Clock_converge01 (Rule 409 of total 530) .... done (Time = 0.00s, Memory = 0.0K)
Checking Rule Ar_converge01 (Rule 410 of total 530) .... done (Time = 0.00s, Memory = 0.0K)
Checking Rule SGDC_noclockcell_start01 (Rule 411 of total 530) .... done (Time = 0.00s, Memory = 0.0K)
Checking Rule Ac_initseq01 (Rule 412 of total 530) .... done (Time = 0.00s, Memory = 0.0K)
Checking Rule Ac_init01 (Rule 413 of total 530)
 .... done (Time = 0.00s, Memory = 40.0K)
Checking Rule _ac_Auxi01 (Rule 414 of total 530) .... done (Time = 0.00s, Memory = 0.0K)
Checking Rule Ac_sanity02 (Rule 415 of total 530) .... done (Time = 0.00s, Memory = 0.0K)
Checking Rule _glitch_init (Rule 416 of total 530) .... done (Time = 0.00s, Memory = 0.0K)
Checking Rule Ac_initstate01 (Rule 417 of total 530) .... done (Time = 0.01s, Memory = 24.0K)
Checking Rule Ac_conv02 (Rule 418 of total 530)
Verifying rule Ac_conv02: 1 checks
0% time spent, 0%(0) assertions proved, 0%(0) failed, 0%(0) partially proved, 0%(0) others0% time spent, 0%(0) assertions proved, 0%(0) failed, 0%(0) partially proved, 0%(0) others0% time spent, 0%(0) assertions proved, 0%(0) failed, 0%(0) partially proved, 0%(0) others100% time spent, 100%(1) assertions proved, 0%(0) failed, 0%(0) partially proved, 0%(0) others100% time spent, 100%(1) assertions proved, 0%(0) failed, 0%(0) partially proved, 0%(0) others100% time spent, 100%(1) assertions proved, 0%(0) failed, 0%(0) partially proved, 0%(0) others
Verifying rule Ac_conv02: 1 checks
0% time spent, 0%(0) assertions proved, 0%(0) failed, 0%(0) partially proved, 0%(0) others0% time spent, 0%(0) assertions proved, 0%(0) failed, 0%(0) partially proved, 0%(0) others0% time spent, 0%(0) assertions proved, 0%(0) failed, 0%(0) partially proved, 0%(0) others100% time spent, 100%(1) assertions proved, 0%(0) failed, 0%(0) partially proved, 0%(0) others100% time spent, 100%(1) assertions proved, 0%(0) failed, 0%(0) partially proved, 0%(0) others100% time spent, 100%(1) assertions proved, 0%(0) failed, 0%(0) partially proved, 0%(0) others .... done (Time = 11.28s, Memory = -2600.0K)
Checking Rule Ac_conv01 (Rule 419 of total 530) .... done (Time = 0.00s, Memory = 0.0K)
Checking Rule Ac_conv03 (Rule 420 of total 530) .... done (Time = 0.00s, Memory = 24.0K)
Checking Rule Ac_conv02setup01 (Rule 421 of total 530) .... done (Time = 0.00s, Memory = 0.0K)
Checking Rule Ac_conv01a (Rule 422 of total 530) .... done (Time = 0.00s, Memory = 0.0K)
Checking Rule Ac_conv02a (Rule 423 of total 530) .... done (Time = 0.00s, Memory = 0.0K)
Checking Rule Ac_conv03a (Rule 424 of total 530) .... done (Time = 0.00s, Memory = 0.0K)
Checking Rule Ac_conv04 (Rule 425 of total 530) .... done (Time = 0.00s, Memory = -2680.0K)
Checking Rule Ac_cdc01a (Rule 426 of total 530)
Verifying rule Ac_cdc01a: 1 checks
0% time spent, 0%(0) assertions proved, 0%(0) failed, 0%(0) partially proved, 0%(0) others0% time spent, 0%(0) assertions proved, 0%(0) failed, 0%(0) partially proved, 0%(0) others0% time spent, 0%(0) assertions proved, 0%(0) failed, 0%(0) partially proved, 0%(0) others0% time spent, 0%(0) assertions proved, 0%(0) failed, 0%(0) partially proved, 0%(0) others0% time spent, 0%(0) assertions proved, 0%(0) failed, 0%(0) partially proved, 0%(0) others100% time spent, 100%(1) assertions proved, 0%(0) failed, 0%(0) partially proved, 0%(0) others100% time spent, 100%(1) assertions proved, 0%(0) failed, 0%(0) partially proved, 0%(0) others100% time spent, 100%(1) assertions proved, 0%(0) failed, 0%(0) partially proved, 0%(0) others .... done (Time = 4.41s, Memory = 2688.0K)
Checking Rule Ac_datahold01a (Rule 427 of total 530)
Verifying rule Ac_datahold01a: 1 checks
0% time spent, 0%(0) assertions proved, 0%(0) failed, 0%(0) partially proved, 0%(0) others0% time spent, 0%(0) assertions proved, 0%(0) failed, 0%(0) partially proved, 0%(0) others0% time spent, 0%(0) assertions proved, 0%(0) failed, 0%(0) partially proved, 0%(0) others0% time spent, 0%(0) assertions proved, 0%(0) failed, 0%(0) partially proved, 0%(0) others0% time spent, 0%(0) assertions proved, 0%(0) failed, 0%(0) partially proved, 0%(0) others0% time spent, 0%(0) assertions proved, 0%(0) failed, 0%(0) partially proved, 0%(0) others100% time spent, 0%(0) assertions proved, 0%(0) failed, 100%(1) partially proved, 0%(0) others100% time spent, 0%(0) assertions proved, 0%(0) failed, 100%(1) partially proved, 0%(0) others .... done (Time = 10.17s, Memory = -2896.0K)
Checking Rule Ac_abs01 (Rule 428 of total 530) .... done (Time = 0.00s, Memory = 0.0K)
Checking Rule Ac_glitch03 (Rule 429 of total 530) .... done (Time = 0.00s, Memory = 0.0K)
Checking Rule Ac_clockperiod01 (Rule 430 of total 530) .... done (Time = 0.00s, Memory = 0.0K)
Checking Rule Ac_clockperiod02 (Rule 431 of total 530) .... done (Time = 0.00s, Memory = 0.0K)
Checking Rule Ac_clockperiod03 (Rule 432 of total 530) .... done (Time = 0.00s, Memory = 0.0K)
Checking Rule AllowComboLogicSetup (Rule 433 of total 530) .... done (Time = 0.00s, Memory = 0.0K)
Checking Rule Ac_resetvalue01 (Rule 434 of total 530) .... done (Time = 0.00s, Memory = 0.0K)
Checking Rule Ac_upfsetup02 (Rule 435 of total 530) .... done (Time = 0.00s, Memory = 0.0K)
Checking Rule Ac_upfsetup01 (Rule 436 of total 530) .... done (Time = 0.00s, Memory = 0.0K)
Checking Rule Ac_psync_init (Rule 437 of total 530) .... done (Time = 0.00s, Memory = 0.0K)
Checking Rule Ac_psetup01 (Rule 438 of total 530) .... done (Time = 0.00s, Memory = 0.0K)
Checking Rule Clock_glitch05_init (Rule 439 of total 530) .... done (Time = 0.00s, Memory = 0.0K)
Checking Rule SGDC_reset_synchronizer02 (Rule 440 of total 530) .... done (Time = 0.00s, Memory = 0.0K)
Checking Rule SGDC_reset_synchronizer04 (Rule 441 of total 530) .... done (Time = 0.00s, Memory = 0.0K)
Checking Rule SGDC_reset_synchronizer06 (Rule 442 of total 530) .... done (Time = 0.00s, Memory = 0.0K)
Checking Rule SGDC_reset_synchronizer08 (Rule 443 of total 530) .... done (Time = 0.00s, Memory = 0.0K)
Checking Rule SGDC_reset_synchronizer10 (Rule 444 of total 530) .... done (Time = 0.00s, Memory = 0.0K)
Checking Rule SGDC_abstract_module01 (Rule 445 of total 530) .... done (Time = 0.00s, Memory = 0.0K)
Checking Rule SGDC_abstract_module04 (Rule 446 of total 530) .... done (Time = 0.00s, Memory = 0.0K)
Checking Rule SGDC_abstract_module05 (Rule 447 of total 530) .... done (Time = 0.00s, Memory = 0.0K)
Checking Rule SGDC_abstract_module06 (Rule 448 of total 530) .... done (Time = 0.00s, Memory = 0.0K)
Checking Rule SGDC_abstract_module07 (Rule 449 of total 530) .... done (Time = 0.00s, Memory = 0.0K)
Checking Rule Propagate_DataAsReset (Rule 450 of total 530) .... done (Time = 0.00s, Memory = 0.0K)
Checking Rule DataAsReset_setup01 (Rule 451 of total 530) .... done (Time = 0.00s, Memory = 0.0K)
Checking Rule DataAsReset_setup02 (Rule 452 of total 530) .... done (Time = 0.00s, Memory = 0.0K)
Checking Rule DataAsReset_setup03 (Rule 453 of total 530) .... done (Time = 0.00s, Memory = 0.0K)
Checking Rule DataAsReset_setup04 (Rule 454 of total 530) .... done (Time = 0.00s, Memory = 0.0K)
Checking Rule Ac_report01 (Rule 455 of total 530) .... done (Time = 0.00s, Memory = -24.0K)
Checking Rule Clock_exit01 (Rule 456 of total 530) .... done (Time = 0.00s, Memory = 0.0K)
Checking Rule AnalyzeBBox (Rule 457 of total 530) .... done (Time = 0.00s, Memory = 0.0K)
Checking Rule ReportCheckDataSummary (Rule 99 of total 530) .... done (Time = 0.00s, Memory = 0.0K)

Generating data for Console...

SpyGlass Rule Checking Complete.

Generating moresimple report from './spyglass-1/cdc/cdc_verify/spyglass.vdb' to './spyglass-1/cdc/cdc_verify/spyglass_reports/moresimple.rpt' ....

Generating runsummary report from './spyglass-1/cdc/cdc_verify/spyglass.vdb' ....

Generating no_msg_reporting_rules report from './spyglass-1/cdc/cdc_verify/spyglass.vdb' to './spyglass-1/cdc/cdc_verify/spyglass_reports/no_msg_reporting_rules.rpt' ....

Generating adv_cdc report from './spyglass-1/cdc/cdc_verify/spyglass.vdb' to './spyglass-1/cdc/cdc_verify/spyglass_reports/adv_cdc.rpt' ....

Generating CDC-report report from './spyglass-1/cdc/cdc_verify/spyglass.vdb' to './spyglass-1/cdc/cdc_verify/spyglass_reports/CDC-report.rpt' ....

Policy specific data (reports) are present in the directory './spyglass-1/cdc/cdc_verify/spyglass_reports'.

SpyGlass critical reports for the current run are present in directory './spyglass-1/consolidated_reports/cdc_cdc_verify/'.

---------------------------------------------------------------------------------------------
Results Summary:
---------------------------------------------------------------------------------------------
   Goal Run           :      cdc/cdc_verify
   Command-line read  :      0 error,      0 warning,      0 information message 
   Design Read        :      0 error,      0 warning,      2 information messages
      Found 1 top module:
         async_fifo   (file: async_fifo.v)

   Blackbox Resolution:      0 error,      0 warning,      0 information message 
   SGDC Checks        :      0 error,      0 warning,      0 information message 
   Policy clock-reset :      0 error,      3 warnings,    25 information messages
   -------------------------------------------------------------------------------------
   Total              :      0 error,      3 warnings,    27 information messages

  Total Number of Generated Messages     :        30 (0 error, 3 warnings, 27 Infos)
  Number of Reported Messages            :        30 (0 error, 3 warnings, 27 Infos)

---------------------------------------------------------------------------------------------


run_goal: info: updating spyglass.log with goal summary
---------------------------------------------------------------------------------------------------
Results Summary:
---------------------------------------------------------------------------------------------------
   Goal Run           :      cdc/cdc_verify
   Top Module         :      async_fifo
---------------------------------------------------------------------------------------------------
   Reports Directory: 
   /home/gokulgopalakrishnan/major_project/apb/async_fifo/spyglass-1/consolidated_reports/cdc_cdc_verify/ 

   SpyGlass LogFile: 
    /home/gokulgopalakrishnan/major_project/apb/async_fifo/spyglass-1/cdc/cdc_verify/spyglass.log 

   Standard Reports: 
     moresimple.rpt          no_msg_reporting_rules.rpt       

   HTML report:
    /home/gokulgopalakrishnan/major_project/apb/async_fifo/spyglass-1/html_reports/goals_summary.html
  

   Technology Reports:    CDC( Advance CDC - CDC Verification )
     CDC-report.rpt          adv_cdc.rpt        
   
---------------------------------------------------------------------------------------------------
   Goal Violation Summary:
       Waived   Messages:                      0 Errors,      0 Warnings,      0 Infos
       Reported Messages:         0 Fatals,    0 Errors,      3 Warnings,     27 Infos
---------------------------------------------------------------------------------------------------
   
   Technology Summary: CDC( Advance CDC )   
       Unsynchronized crossings= 0
       Convergences= 2
---------------------------------------------------------------------------------------------------
 
run_goal: info: spyglass.log successfully updated with goal summary
0 {Rule-checking completed with warnings}current_goal: warning: design query data not saved for last active goal `cdc/cdc_verify'
                       (use `save_goal' command or enable `auto_save' option to save design query data for subsequent goals)
current_goal: info: loading goal `Design_Read' (in progress)
current_goal: info: finished loading goal `Design_Read' (ok)
 Reading sgdc file "con_asyncfifo.sgdc" ...
 Reading waiver file "./spyglass-1/Design_Read/spyglass_spysch/waiver/pragma2Waiver.swl" ...

INFO:    SpyGlass will run goal(s) 'Design_Read'.


RULE-CHECKING IN MIXED MODE
Loading spyglass (SpyGlass_vS-2021.09-SP1) ... (picked from /fetools/synopsys/installed_tools/spyglass/S-2021.09-SP1/SPYGLASS_HOME/policies/spyglass)
 Reading sgdc file "con_asyncfifo.sgdc" ...
Performing unification checks on SGDC... done

INFO [76]    Using './spyglass-1/WORK/64' as the Work Directory for 64bit precompiled dump.
Checking Rule ZeroSizeFile (Rule 1 of total 123) .... done (Time = 0.00s, Memory = 0.0K)
Checking Rule PrecompileLibCheck01 (Rule 2 of total 123) .... done (Time = 0.00s, Memory = 0.0K)
Checking Rule PrecompileLibCheck02 (Rule 3 of total 123) .... done (Time = 0.00s, Memory = 0.0K)
Checking Rule PrecompileLibCheck03 (Rule 4 of total 123) .... done (Time = 0.00s, Memory = 0.0K)
Checking Rule PrecompileLibCheck04 (Rule 5 of total 123) .... done (Time = 0.00s, Memory = 0.0K)
Checking Rule AbstractInterface (Rule 6 of total 123) .... done (Time = 0.00s, Memory = 0.0K)
Checking Rule ReportObsoleteRules (Rule 7 of total 123) .... done (Time = 0.00s, Memory = 0.0K)
Checking Rule ReportDeprecatedRules (Rule 8 of total 123) .... done (Time = 0.00s, Memory = 0.0K)
Checking Rule SGDC_assume_path01 (Rule 9 of total 123) .... done (Time = 0.00s, Memory = 0.0K)
Checking Rule SGDC_sdcschema02 (Rule 10 of total 123) .... done (Time = 0.00s, Memory = 32.0K)
Checking Rule SGDC_clock05 (Rule 11 of total 123) .... done (Time = 0.00s, Memory = 0.0K)
Checking Rule SGDC_clock09 (Rule 12 of total 123) .... done (Time = 0.00s, Memory = 0.0K)
Checking Rule SGDC_force_ta05 (Rule 13 of total 123) .... done (Time = 0.00s, Memory = 0.0K)
Checking Rule SGDC_require_path03 (Rule 14 of total 123) .... done (Time = 0.00s, Memory = 0.0K)
Checking Rule SGDC_require_value03 (Rule 15 of total 123) .... done (Time = 0.00s, Memory = 8.0K)
Checking Rule SGDC_voltagedomain05 (Rule 16 of total 123) .... done (Time = 0.00s, Memory = 8.0K)
Checking Rule SGDC_voltagedomain06 (Rule 17 of total 123) .... done (Time = 0.00s, Memory = 0.0K)
Checking Rule SGDC_voltagedomain07 (Rule 18 of total 123) .... done (Time = 0.00s, Memory = 0.0K)
Checking Rule SGDC_powerdomainoutputs02 (Rule 19 of total 123) .... done (Time = 0.00s, Memory = 0.0K)
Checking Rule SGDC_supply01 (Rule 20 of total 123) .... done (Time = 0.00s, Memory = 8.0K)
Checking Rule SGDC_waive01 (Rule 21 of total 123) .... done (Time = 0.00s, Memory = 0.0K)
Checking Rule SGDC_waive02 (Rule 22 of total 123) .... done (Time = 0.00s, Memory = 0.0K)
Checking Rule SGDC_waive03 (Rule 23 of total 123) .... done (Time = 0.00s, Memory = 0.0K)
Checking Rule SGDC_waive04 (Rule 24 of total 123) .... done (Time = 0.00s, Memory = 0.0K)
Checking Rule SGDC_waive05 (Rule 25 of total 123) .... done (Time = 0.00s, Memory = 0.0K)
Checking Rule SGDC_waive06 (Rule 26 of total 123) .... done (Time = 0.00s, Memory = 0.0K)
Checking Rule SGDC_waive07 (Rule 27 of total 123) .... done (Time = 0.00s, Memory = 0.0K)
Checking Rule SGDC_waive08 (Rule 28 of total 123) .... done (Time = 0.00s, Memory = 0.0K)
Checking Rule SGDC_waive09 (Rule 29 of total 123) .... done (Time = 0.00s, Memory = 0.0K)
Checking Rule SGDC_waive10 (Rule 30 of total 123) .... done (Time = 0.00s, Memory = 0.0K)
Checking Rule SGDC_waive11 (Rule 31 of total 123) .... done (Time = 0.00s, Memory = 0.0K)
Checking Rule SGDC_waive12 (Rule 32 of total 123) .... done (Time = 0.00s, Memory = 0.0K)
Checking Rule SGDC_waive13 (Rule 33 of total 123) .... done (Time = 0.00s, Memory = 0.0K)
Checking Rule SGDC_waive21 (Rule 34 of total 123) .... done (Time = 0.00s, Memory = 0.0K)
Checking Rule SGDC_waive22 (Rule 35 of total 123) .... done (Time = 0.00s, Memory = 0.0K)
Checking Rule SGDC_waive30 (Rule 36 of total 123) .... done (Time = 0.00s, Memory = 0.0K)
Checking Rule SGDC_waive32 (Rule 37 of total 123) .... done (Time = 0.00s, Memory = 0.0K)
Checking Rule SGDC_waive33 (Rule 38 of total 123) .... done (Time = 0.00s, Memory = 0.0K)
Checking Rule SGDC_waive36 (Rule 39 of total 123) .... done (Time = 0.00s, Memory = 0.0K)
Checking Rule SGDC_waive38 (Rule 40 of total 123) .... done (Time = 0.00s, Memory = 8.0K)
Checking Rule SGDC_fifo01 (Rule 41 of total 123) .... done (Time = 0.00s, Memory = 8.0K)
Checking Rule SGDC_libgroup01 (Rule 42 of total 123) .... done (Time = 0.00s, Memory = 0.0K)
Checking Rule SGDC_libgroup02 (Rule 43 of total 123) .... done (Time = 0.00s, Memory = 0.0K)
Checking Rule SGDC_libgroup04 (Rule 44 of total 123) .... done (Time = 0.00s, Memory = 0.0K)
Checking Rule SGDC_power_data01 (Rule 45 of total 123) .... done (Time = 0.00s, Memory = 0.0K)
Checking Rule SGDC_ungroup01 (Rule 46 of total 123) .... done (Time = 0.00s, Memory = 8.0K)
Checking Rule SGDC_abstract_port06 (Rule 47 of total 123) .... done (Time = 0.00s, Memory = 8.0K)
Checking Rule SGDC_abstract_port14 (Rule 48 of total 123) .... done (Time = 0.00s, Memory = 8.0K)
Checking Rule SGDC_abstract_port15 (Rule 49 of total 123) .... done (Time = 0.00s, Memory = 0.0K)
Checking Rule SGDC_abstract_port18 (Rule 50 of total 123) .... done (Time = 0.00s, Memory = 8.0K)
Checking Rule sdc_init_rule (Rule 51 of total 123) .... done (Time = 0.00s, Memory = 80.0K)
Checking Rule CMD_ignorelibs01 (Rule 52 of total 123) .... done (Time = 0.00s, Memory = 0.0K)
Checking Rule ReportRuleNotRun (Rule 53 of total 123) .... done (Time = 0.00s, Memory = 0.0K)
Checking Rule ReportStopSummary (Rule 54 of total 123) .... done (Time = 0.00s, Memory = 0.0K)
Checking Rule ReportIgnoreSummary (Rule 55 of total 123) .... done (Time = 0.00s, Memory = 0.0K)
 Analyzing source file "async_fifo.v" ....
 Elaborating Top Verilog Design Unit 'async_fifo' .....
 done
Checking Rule ElabSummary (Rule 56 of total 123) .... done (Time = 0.00s, Memory = 0.0K)
Checking Rule ReportCheckDataSummary (Rule 57 of total 123) .... done (Time = 0.00s, Memory = 0.0K)
 Reading waiver file "./spyglass-1/Design_Read/spyglass_spysch/constraint/spg_autogenerated_waivers.sgdc" ...
 Generating WAIVER file "./spyglass-1/Design_Read/spyglass_spysch/waiver/pragma2Waiver.swl" from pragmas in HDL source files ....
Checking Rule SGDC_waive37 (Rule 58 of total 123) .... done (Time = 0.00s, Memory = 0.0K)
Checking Rule DetectTopDesignUnits (Rule 59 of total 123)
 Detected 1 top level design units:
     async_fifo
 .... done (Time = 0.00s, Memory = 0.0K)
Performing semantic checks on SGDC contents
Checking Rule SGDC_testmode03 (Rule 60 of total 123) .... done (Time = 0.00s, Memory = 0.0K)
Checking Rule ReportObsoletePragmas (Rule 61 of total 123) .... done (Time = 0.00s, Memory = 0.0K)
Checking Rule checkSGDC_01 (Rule 62 of total 123) .... done (Time = 0.00s, Memory = 0.0K)
Checking Rule checkSGDC_03 (Rule 63 of total 123) .... done (Time = 0.00s, Memory = 0.0K)
Checking Rule checkSGDC_08 (Rule 64 of total 123) .... done (Time = 0.00s, Memory = 0.0K)
Checking Rule GenerateConfMap (Rule 65 of total 123) .... done (Time = 0.00s, Memory = 0.0K)
Checking Rule SGDC_memorywritepin04 (Rule 66 of total 123) .... done (Time = 0.00s, Memory = 0.0K)
Checking Rule SGDC_reset02 (Rule 67 of total 123) .... done (Time = 0.00s, Memory = 0.0K)
Checking Rule SGDC_reset03 (Rule 68 of total 123) .... done (Time = 0.00s, Memory = 8.0K)
Checking Rule SGDC_libgroup03 (Rule 69 of total 123) .... done (Time = 0.00s, Memory = 0.0K)
Checking Rule SGDC_ungroup02 (Rule 70 of total 123) .... done (Time = 0.00s, Memory = 0.0K)
Checking Rule HdlLibDuCheck (Rule 71 of total 123) .... done (Time = 0.00s, Memory = 0.0K)
Checking Rule RtlDesignInfo (Rule 72 of total 123) .... done (Time = 0.00s, Memory = 0.0K)
Checking Rule CheckCelldefine (Rule 73 of total 123) .... done (Time = 0.00s, Memory = 0.0K)
Checking Rule SGDC_waive23 (Rule 74 of total 123) .... done (Time = 0.00s, Memory = 0.0K)
Checking Rule SGDC_waive26 (Rule 75 of total 123) .... done (Time = 0.00s, Memory = 0.0K)
Checking Rule SGDC_waive27 (Rule 76 of total 123) .... done (Time = 0.00s, Memory = 0.0K)
Checking Rule SGDC_waive29 (Rule 77 of total 123) .... done (Time = 0.00s, Memory = 0.0K)
Checking Rule SGDC_waive24 (Rule 78 of total 123) .... done (Time = 0.00s, Memory = 0.0K)
Checking Rule SGDC_waive25 (Rule 79 of total 123) .... done (Time = 0.00s, Memory = 0.0K)
Checking Rule SGDC_waive31 (Rule 80 of total 123) .... done (Time = 0.00s, Memory = 0.0K)
Checking Rule SGDC_waive35 (Rule 81 of total 123) .... done (Time = 0.00s, Memory = 0.0K)
Checking Rule checkCMD_mthresh (Rule 82 of total 123) .... done (Time = 0.00s, Memory = 0.0K)
Checking Rule AnalyzeBBox (Rule 83 of total 123) .... done (Time = 0.00s, Memory = 0.0K)
Checking Rule ReportCheckDataSummary (Rule 57 of total 123) .... done (Time = 0.00s, Memory = 0.0K)

Generating data for Console...

SpyGlass Rule Checking Complete.

Generating moresimple report from './spyglass-1/Design_Read/spyglass.vdb' to './spyglass-1/Design_Read/spyglass_reports/moresimple.rpt' ....

Generating runsummary report from './spyglass-1/Design_Read/spyglass.vdb' ....

Generating no_msg_reporting_rules report from './spyglass-1/Design_Read/spyglass.vdb' to './spyglass-1/Design_Read/spyglass_reports/no_msg_reporting_rules.rpt' ....

Policy specific data (reports) are present in the directory './spyglass-1/Design_Read/spyglass_reports'.

SpyGlass critical reports for the current run are present in directory './spyglass-1/consolidated_reports/Design_Read/'.

---------------------------------------------------------------------------------------------
Results Summary:
---------------------------------------------------------------------------------------------
   Goal Run           :      Design_Read
   Command-line read  :      0 error,      0 warning,      0 information message 
   Design Read        :      0 error,      0 warning,      2 information messages
      Found 1 top module:
         async_fifo   (file: async_fifo.v)

   Blackbox Resolution:      0 error,      0 warning,      0 information message 
   SGDC Checks        :      0 error,      0 warning,      0 information message 
   -------------------------------------------------------------------------------------
   Total              :      0 error,      0 warning,      2 information messages

  Total Number of Generated Messages     :         2 (0 error, 0 warning, 2 Infos)
  Number of Reported Messages            :         2 (0 error, 0 warning, 2 Infos)

---------------------------------------------------------------------------------------------


run_goal: info: updating spyglass.log with goal summary
---------------------------------------------------------------------------------------------------
Results Summary:
---------------------------------------------------------------------------------------------------
   Goal Run           :      Design_Read
   Top Module         :      async_fifo
---------------------------------------------------------------------------------------------------
   Reports Directory: 
   /home/gokulgopalakrishnan/major_project/apb/async_fifo/spyglass-1/consolidated_reports/Design_Read/ 

   SpyGlass LogFile: 
    /home/gokulgopalakrishnan/major_project/apb/async_fifo/spyglass-1/Design_Read/spyglass.log 

   Standard Reports: 
     moresimple.rpt          no_msg_reporting_rules.rpt       

   HTML report:
     <Not Available>
  

   Technology Reports:  
     <Not Available>
   
   
---------------------------------------------------------------------------------------------------
   Goal Violation Summary:
       Waived   Messages:                      0 Errors,      0 Warnings,      0 Infos
       Reported Messages:         0 Fatals,    0 Errors,      0 Warnings,      2 Infos
---------------------------------------------------------------------------------------------------
   
---------------------------------------------------------------------------------------------------
 
run_goal: info: spyglass.log successfully updated with goal summary
link_design: info: single top `async_fifo' found, setting it as top for subsequent analysis [set_option top async_fifo]
0 {Rule-checking completed without errors or warnings}current_goal: info: current goal selection with -alltop has reset the last active top `async_fifo'.
                    It is recommended to maintain goal runs with -alltop in a separate project file.
                    You can save this project after setting the top again with `set_option top async_fifo',
                    and then start a different project for -alltop runs.
current_goal: info: loading goal `cdc/cdc_verify' (in progress)
current_goal: info: finished loading goal `cdc/cdc_verify' (ok)
 Reading sgdc file "con_asyncfifo.sgdc" ...
 Reading waiver file "./spyglass-1/cdc/cdc_verify/spyglass_spysch/waiver/pragma2Waiver.swl" ...

INFO:    SpyGlass will run goal(s) 'cdc/cdc_verify'.


RULE-CHECKING IN MIXED MODE
Loading spyglass (SpyGlass_vS-2021.09-SP1) ... (picked from /fetools/synopsys/installed_tools/spyglass/S-2021.09-SP1/SPYGLASS_HOME/policies/spyglass)
Loading clock-reset (SpyGlass_vS-2021.09-SP1) ... (picked from /fetools/synopsys/installed_tools/spyglass/S-2021.09-SP1/SPYGLASS_HOME/policies/clock)
 Reading sgdc file "con_asyncfifo.sgdc" ...
Performing unification checks on SGDC... done

INFO [76]    Using './spyglass-1/WORK/64' as the Work Directory for 64bit precompiled dump.
Checking Rule Param_clockreset07 (Rule 1 of total 516) .... done (Time = 0.00s, Memory = 0.0K)
Checking Rule Clock_setup01 (Rule 2 of total 516) .... done (Time = 0.00s, Memory = 128.0K)
Checking Rule Param_clockreset06 (Rule 3 of total 516) .... done (Time = 0.00s, Memory = 0.0K)
Checking Rule Param_clockreset08 (Rule 4 of total 516) .... done (Time = 0.00s, Memory = 0.0K)
Checking Rule SGDC_meta_monitor_attributes01 (Rule 5 of total 516) .... done (Time = 0.00s, Memory = 0.0K)
Checking Rule LP_POWERDATA_CHECK (Rule 6 of total 516) .... done (Time = 0.00s, Memory = 0.0K)
Checking Rule LP_POWERDATA_READ (Rule 7 of total 516) .... done (Time = 0.00s, Memory = 0.0K)
Checking Rule Ar_auxi01 (Rule 8 of total 516) .... done (Time = 0.00s, Memory = 0.0K)
Checking Rule PrecompileLibCheck01 (Rule 9 of total 516) .... done (Time = 0.00s, Memory = 8.0K)
Checking Rule PrecompileLibCheck02 (Rule 10 of total 516) .... done (Time = 0.00s, Memory = 2680.0K)
Checking Rule PrecompileLibCheck03 (Rule 11 of total 516) .... done (Time = 0.00s, Memory = 0.0K)
Checking Rule PrecompileLibCheck04 (Rule 12 of total 516) .... done (Time = 0.00s, Memory = 0.0K)
Checking Rule ElabSummary (Rule 13 of total 516) .... done (Time = 0.01s, Memory = -2656.0K)
Checking Rule AbstractInterface (Rule 14 of total 516) .... done (Time = 0.00s, Memory = 0.0K)
Checking Rule SGDC_assume_path01 (Rule 15 of total 516) .... done (Time = 0.00s, Memory = -32.0K)
Checking Rule SGDC_sdcschema02 (Rule 16 of total 516) .... done (Time = 0.00s, Memory = -2640.0K)
Checking Rule SGDC_clock05 (Rule 17 of total 516) .... done (Time = 0.00s, Memory = 0.0K)
Checking Rule SGDC_clock09 (Rule 18 of total 516) .... done (Time = 0.00s, Memory = 0.0K)
Checking Rule SGDC_force_ta05 (Rule 19 of total 516) .... done (Time = 0.00s, Memory = 0.0K)
Checking Rule SGDC_require_path03 (Rule 20 of total 516) .... done (Time = 0.00s, Memory = 0.0K)
Checking Rule SGDC_require_value03 (Rule 21 of total 516) .... done (Time = 0.00s, Memory = 8.0K)
Checking Rule SGDC_voltagedomain05 (Rule 22 of total 516) .... done (Time = 0.00s, Memory = 8.0K)
Checking Rule SGDC_voltagedomain06 (Rule 23 of total 516) .... done (Time = 0.00s, Memory = 0.0K)
Checking Rule SGDC_voltagedomain07 (Rule 24 of total 516) .... done (Time = 0.00s, Memory = 0.0K)
Checking Rule SGDC_powerdomainoutputs02 (Rule 25 of total 516) .... done (Time = 0.00s, Memory = 0.0K)
Checking Rule SGDC_supply01 (Rule 26 of total 516) .... done (Time = 0.00s, Memory = 8.0K)
Checking Rule SGDC_waive01 (Rule 27 of total 516) .... done (Time = 0.00s, Memory = 0.0K)
Checking Rule SGDC_waive02 (Rule 28 of total 516) .... done (Time = 0.00s, Memory = 0.0K)
Checking Rule SGDC_waive03 (Rule 29 of total 516) .... done (Time = 0.00s, Memory = 0.0K)
Checking Rule SGDC_waive04 (Rule 30 of total 516) .... done (Time = 0.00s, Memory = 0.0K)
Checking Rule SGDC_waive05 (Rule 31 of total 516) .... done (Time = 0.00s, Memory = 0.0K)
Checking Rule SGDC_waive06 (Rule 32 of total 516) .... done (Time = 0.00s, Memory = 0.0K)
Checking Rule SGDC_waive07 (Rule 33 of total 516) .... done (Time = 0.00s, Memory = 0.0K)
Checking Rule SGDC_waive08 (Rule 34 of total 516) .... done (Time = 0.00s, Memory = 0.0K)
Checking Rule SGDC_waive09 (Rule 35 of total 516) .... done (Time = 0.00s, Memory = -8.0K)
Checking Rule SGDC_waive10 (Rule 36 of total 516) .... done (Time = 0.00s, Memory = 8.0K)
Checking Rule SGDC_waive11 (Rule 37 of total 516) .... done (Time = 0.00s, Memory = 0.0K)
Checking Rule SGDC_waive12 (Rule 38 of total 516) .... done (Time = 0.00s, Memory = 2688.0K)
Checking Rule SGDC_waive13 (Rule 39 of total 516) .... done (Time = 0.00s, Memory = 0.0K)
Checking Rule SGDC_waive21 (Rule 40 of total 516) .... done (Time = 0.00s, Memory = 0.0K)
Checking Rule SGDC_waive22 (Rule 41 of total 516) .... done (Time = 0.00s, Memory = 0.0K)
Checking Rule SGDC_waive30 (Rule 42 of total 516) .... done (Time = 0.00s, Memory = 0.0K)
Checking Rule SGDC_waive32 (Rule 43 of total 516) .... done (Time = 0.00s, Memory = 0.0K)
Checking Rule SGDC_waive33 (Rule 44 of total 516) .... done (Time = 0.00s, Memory = 0.0K)
Checking Rule SGDC_waive36 (Rule 45 of total 516) .... done (Time = 0.00s, Memory = 0.0K)
Checking Rule SGDC_waive38 (Rule 46 of total 516) .... done (Time = 0.00s, Memory = 0.0K)
Checking Rule SGDC_fifo01 (Rule 47 of total 516) .... done (Time = 0.00s, Memory = 8.0K)
Checking Rule SGDC_libgroup01 (Rule 48 of total 516) .... done (Time = 0.00s, Memory = 0.0K)
Checking Rule SGDC_libgroup02 (Rule 49 of total 516) .... done (Time = 0.00s, Memory = 0.0K)
Checking Rule SGDC_libgroup04 (Rule 50 of total 516) .... done (Time = 0.00s, Memory = 0.0K)
Checking Rule SGDC_power_data01 (Rule 51 of total 516) .... done (Time = 0.00s, Memory = 0.0K)
Checking Rule SGDC_ungroup01 (Rule 52 of total 516) .... done (Time = 0.00s, Memory = 8.0K)
Checking Rule SGDC_abstract_port06 (Rule 53 of total 516) .... done (Time = 0.00s, Memory = 8.0K)
Checking Rule SGDC_abstract_port14 (Rule 54 of total 516) .... done (Time = 0.00s, Memory = 8.0K)
Checking Rule SGDC_abstract_port15 (Rule 55 of total 516) .... done (Time = 0.00s, Memory = 0.0K)
Checking Rule SGDC_abstract_port18 (Rule 56 of total 516) .... done (Time = 0.00s, Memory = 8.0K)
Checking Rule sdc_init_rule (Rule 57 of total 516) .... done (Time = 0.00s, Memory = 0.0K)
Checking Rule CMD_ignorelibs01 (Rule 58 of total 516) .... done (Time = 0.00s, Memory = 0.0K)
Checking Rule ReportRuleNotRun (Rule 59 of total 516) .... done (Time = 0.01s, Memory = 0.0K)
Checking Rule SGDC_generated_clock03 (Rule 60 of total 516) .... done (Time = 0.00s, Memory = 8.0K)
Checking Rule SGDC_generated_clock04 (Rule 61 of total 516) .... done (Time = 0.00s, Memory = 8.0K)
Checking Rule SGDC_generated_clock05 (Rule 62 of total 516) .... done (Time = 0.00s, Memory = 8.0K)
Checking Rule SGDC_quasi_static_style02 (Rule 63 of total 516) .... done (Time = 0.00s, Memory = 8.0K)
Checking Rule SGDC_syncresetstyle01 (Rule 64 of total 516) .... done (Time = 0.00s, Memory = 0.0K)
Checking Rule SGDC_network_allowed_cells01 (Rule 65 of total 516) .... done (Time = 0.00s, Memory = 8.0K)
Checking Rule SGDC_numflops01 (Rule 66 of total 516) .... done (Time = 0.00s, Memory = 8.0K)
Checking Rule SGDC_numflops07 (Rule 67 of total 516) .... done (Time = 0.00s, Memory = 0.0K)
Checking Rule SGDC_numflops08 (Rule 68 of total 516) .... done (Time = 0.00s, Memory = 16.0K)
Checking Rule SGDC_numflops09 (Rule 69 of total 516) .... done (Time = 0.00s, Memory = 0.0K)
Checking Rule SGDC_clocksense04 (Rule 70 of total 516) .... done (Time = 0.00s, Memory = 8.0K)
Checking Rule SGDC_reset_sense04 (Rule 71 of total 516) .... done (Time = 0.00s, Memory = 0.0K)
Checking Rule SGDC_reset_prop01 (Rule 72 of total 516) .... done (Time = 0.00s, Memory = 8.0K)
Checking Rule SGDC_sgclkgroup04 (Rule 73 of total 516) .... done (Time = 0.00s, Memory = 0.0K)
Checking Rule SGDC_clock_relation05a (Rule 74 of total 516) .... done (Time = 0.00s, Memory = 0.0K)
Checking Rule SGDC_clock_relation05b (Rule 75 of total 516) .... done (Time = 0.00s, Memory = 0.0K)
Checking Rule SGDC_sync_cell08a (Rule 76 of total 516) .... done (Time = 0.00s, Memory = 8.0K)
Checking Rule SGDC_sync_cell09a (Rule 77 of total 516) .... done (Time = 0.00s, Memory = 0.0K)
Checking Rule SGDC_glitch_free_mux_cell01 (Rule 78 of total 516) .... done (Time = 0.00s, Memory = 0.0K)
Checking Rule SGDC_qualifier06 (Rule 79 of total 516) .... done (Time = 0.00s, Memory = 8.0K)
Checking Rule SGDC_cdc_waive03 (Rule 80 of total 516) .... done (Time = 0.00s, Memory = 0.0K)
Checking Rule SGDC_qualifier15 (Rule 81 of total 516) .... done (Time = 0.00s, Memory = 0.0K)
Checking Rule SGDC_qualifier29 (Rule 82 of total 516) .... done (Time = 0.00s, Memory = 0.0K)
Checking Rule SGDC_allow_combo_logic01 (Rule 83 of total 516) .... done (Time = 0.00s, Memory = 0.0K)
Checking Rule SGDC_reset_filter_path01 (Rule 84 of total 516) .... done (Time = 0.00s, Memory = 0.0K)
Checking Rule SGDC_glitchfree_cell01 (Rule 85 of total 516) .... done (Time = 0.00s, Memory = 0.0K)
Checking Rule SGDC_cdc_false_path05 (Rule 86 of total 516) .... done (Time = 0.00s, Memory = 8.0K)
Checking Rule Param_clockreset05 (Rule 87 of total 516) .... done (Time = 0.00s, Memory = 0.0K)
Checking Rule Ac_sanity01 (Rule 88 of total 516) .... done (Time = 0.00s, Memory = 0.0K)
Checking Rule Ac_sanity06 (Rule 89 of total 516) .... done (Time = 0.00s, Memory = 0.0K)
Checking Rule Ac_license01 (Rule 90 of total 516) .... done (Time = 0.00s, Memory = 0.0K)
Checking Rule SGDC_reset_synchronizer07 (Rule 91 of total 516) .... done (Time = 0.00s, Memory = 0.0K)
Checking Rule SGDC_abstract_module02 (Rule 92 of total 516) .... done (Time = 0.00s, Memory = 0.0K)
 Reading waiver file "./spyglass-1/cdc/cdc_verify/spyglass_spysch/waiver/pragma2Waiver.swl" ...
Checking Rule ReportStopSummary (Rule 93 of total 516) .... done (Time = 0.00s, Memory = 0.0K)
Checking Rule ReportIgnoreSummary (Rule 94 of total 516) .... done (Time = 0.00s, Memory = 0.0K)

INFO [235]    Restoring design database from directory './spyglass-1/.SG_SaveRestoreDB/autogenerated__default_snapshot' ...
              done

Checking Rule InferBlackBox (Rule 95 of total 516) .... done (Time = 0.00s, Memory = 0.0K)
Checking Rule checkCMD_mthresh (Rule 96 of total 516) .... done (Time = 0.00s, Memory = 0.0K)
Checking Rule SGDC_waive37 (Rule 97 of total 516) .... done (Time = 0.00s, Memory = 0.0K)
Checking Rule DetectTopDesignUnits (Rule 98 of total 516)
 Detected 1 top level design units:
     async_fifo
 .... done (Time = 0.00s, Memory = 1384.0K)
Checking Rule GenerateConfMap (Rule 99 of total 516) .... done (Time = 0.01s, Memory = 0.0K)
Checking Rule Pragma_setupa for module read_pointer_handler (Rule 100 of total 516) .... done (Time = 0.00s, Memory = 0.0K)
Checking Rule Pragma_setupa for module write_pointer_handler (Rule 100 of total 516) .... done (Time = 0.00s, Memory = 0.0K)
Checking Rule Pragma_setupa for module async_fifo (Rule 100 of total 516) .... done (Time = 0.00s, Memory = 0.0K)
Performing semantic checks on SGDC contents
Checking Rule SGDC_testmode03 (Rule 101 of total 516) .... done (Time = 0.00s, Memory = 0.0K)
Checking Rule Pragma_setupb (Rule 102 of total 516) .... done (Time = 0.00s, Memory = 0.0K)
Checking Rule _vhMeta01 (Rule 103 of total 516) .... done (Time = 0.00s, Memory = 0.0K)
Checking Rule _meta_delay01 (Rule 104 of total 516) .... done (Time = 0.00s, Memory = 0.0K)
Checking Rule CheckCelldefine (Rule 105 of total 516) .... done (Time = 0.00s, Memory = 0.0K)
Checking Rule checkSGDC_01 (Rule 106 of total 516) .... done (Time = 0.00s, Memory = 0.0K)
Checking Rule checkSGDC_03 (Rule 107 of total 516) .... done (Time = 0.00s, Memory = 0.0K)
Checking Rule checkSGDC_08 (Rule 108 of total 516) .... done (Time = 0.00s, Memory = 0.0K)
Checking Rule SGDC_memorywritepin04 (Rule 109 of total 516) .... done (Time = 0.00s, Memory = 0.0K)
Checking Rule SGDC_reset02 (Rule 110 of total 516) .... done (Time = 0.00s, Memory = 0.0K)
Checking Rule SGDC_reset03 (Rule 111 of total 516) .... done (Time = 0.00s, Memory = 8.0K)
Checking Rule SGDC_waive23 (Rule 112 of total 516) .... done (Time = 0.00s, Memory = 0.0K)
Checking Rule SGDC_waive26 (Rule 113 of total 516) .... done (Time = 0.00s, Memory = 0.0K)
Checking Rule SGDC_waive27 (Rule 114 of total 516) .... done (Time = 0.00s, Memory = 0.0K)
Checking Rule SGDC_waive29 (Rule 115 of total 516) .... done (Time = 0.00s, Memory = 0.0K)
Checking Rule SGDC_libgroup03 (Rule 116 of total 516) .... done (Time = 0.00s, Memory = 0.0K)
Checking Rule SGDC_ungroup02 (Rule 117 of total 516) .... done (Time = 0.00s, Memory = 16.0K)
Checking Rule _abstractPortSGDC (Rule 118 of total 516) .... done (Time = 0.00s, Memory = 0.0K)
Checking Rule SGDC_abstract_port03 (Rule 119 of total 516) .... done (Time = 0.00s, Memory = -8.0K)
Checking Rule SGDC_abstract_port04 (Rule 120 of total 516) .... done (Time = 0.00s, Memory = 8.0K)
Checking Rule SGDC_abstract_port05 (Rule 121 of total 516) .... done (Time = 0.00s, Memory = 0.0K)
Checking Rule SGDC_abstract_port07 (Rule 122 of total 516) .... done (Time = 0.00s, Memory = 8.0K)
Checking Rule SGDC_abstract_port08 (Rule 123 of total 516) .... done (Time = 0.00s, Memory = 8.0K)
Checking Rule SGDC_abstract_port10 (Rule 124 of total 516) .... done (Time = 0.00s, Memory = 0.0K)
Checking Rule SGDC_abstract_port11 (Rule 125 of total 516) .... done (Time = 0.00s, Memory = 8.0K)
Checking Rule SGDC_abstract_port12 (Rule 126 of total 516) .... done (Time = 0.00s, Memory = 0.0K)
Checking Rule SGDC_abstract_port13 (Rule 127 of total 516) .... done (Time = 0.00s, Memory = 8.0K)
Checking Rule _cdc_save_license01 (Rule 128 of total 516) .... done (Time = 0.00s, Memory = 0.0K)
Checking Rule Ac_classify_param01 (Rule 129 of total 516) .... done (Time = 0.00s, Memory = -2672.0K)
Checking Rule _syncResetStyleRTL (Rule 130 of total 516) .... done (Time = 0.00s, Memory = 0.0K)
Checking Rule _deltaDelay (Rule 131 of total 516) .... done (Time = 0.00s, Memory = 8.0K)
Checking Rule _deltaDelay (Rule 132 of total 516) .... done (Time = 0.00s, Memory = 0.0K)
Checking Rule _deltaDelayNom (Rule 133 of total 516) .... done (Time = 0.00s, Memory = 0.0K)
Checking Rule Ac_multitop01 (Rule 134 of total 516) .... done (Time = 0.00s, Memory = 0.0K)
Checking Rule AcOvlRtl (Rule 135 of total 516) .... done (Time = 0.00s, Memory = 0.0K)
Checking Rule AcOvlRtl (Rule 136 of total 516) .... done (Time = 0.00s, Memory = -32.0K)
Checking Rule Ac_svasetup01 (Rule 137 of total 516) .... done (Time = 0.00s, Memory = 0.0K)
Checking Rule ReportUngroup (Rule 138 of total 516) .... done (Time = 0.00s, Memory = 0.0K)
Checking Rule SGDC_allow_combo_logic02 (Rule 139 of total 516) .... done (Time = 0.00s, Memory = 0.0K)
Checking Rule _portRetenClocknReset (Rule 140 of total 516) .... done (Time = 0.00s, Memory = 0.0K)
Checking Rule _portReten (Rule 141 of total 516) .... done (Time = 0.00s, Memory = 0.0K)
Checking Rule SGDC_meta_design_hier01 (Rule 142 of total 516) .... done (Time = 0.00s, Memory = 0.0K)
Checking Rule LP_POWERDATA_INFO (Rule 143 of total 516) .... done (Time = 0.00s, Memory = 0.0K)
Checking Rule SGDC_abstract_port21 (Rule 144 of total 516) .... done (Time = 0.00s, Memory = 0.0K)
Checking Rule SGDC_input03 (Rule 145 of total 516) .... done (Time = 0.00s, Memory = 0.0K)
Checking Rule SGDC_output04 (Rule 146 of total 516) .... done (Time = 0.00s, Memory = 0.0K)
Checking Rule SGDC_numflops03a (Rule 147 of total 516) .... done (Time = 0.00s, Memory = 0.0K)
Checking Rule SGDC_numflops03b (Rule 148 of total 516) .... done (Time = 0.00s, Memory = 0.0K)
Checking Rule SGDC_numflops12 (Rule 149 of total 516) .... done (Time = 0.00s, Memory = 0.0K)
Checking Rule SGDC_sync_cell02b (Rule 150 of total 516) .... done (Time = 0.00s, Memory = 24.0K)
Checking Rule SGDC_sync_cell11 (Rule 151 of total 516) .... done (Time = 0.00s, Memory = -8.0K)
Checking Rule Ac_qualifier_depth (Rule 152 of total 516) .... done (Time = 0.00s, Memory = 0.0K)
Checking Rule LPwrRulesSetup (Rule 153 of total 516) .... done (Time = 0.00s, Memory = 0.0K)
Checking Rule SGDC_assume_path05 (Rule 154 of total 516) .... done (Time = 0.00s, Memory = 0.0K)
 Flattening async_fifo (.lib instances separately flattened) ....
 Flattening completed
Checking Rule SGDC_clock_ref_clock01 (Rule 155 of total 516) .... done (Time = 0.00s, Memory = 0.0K)
Checking Rule SGDC_quasi_static_style01 (Rule 156 of total 516) .... done (Time = 0.00s, Memory = 0.0K)
Checking Rule CheckBackToBackSyncCellSetup (Rule 157 of total 516) .... done (Time = 0.00s, Memory = 8.0K)
Checking Rule SignalTypeSetup (Rule 158 of total 516) .... done (Time = 0.00s, Memory = 0.0K)
Checking Rule SGDC_qualifier34 (Rule 159 of total 516) .... done (Time = 0.00s, Memory = 0.0K)
Checking Rule _allowInst (Rule 160 of total 516) .... done (Time = 0.00s, Memory = 0.0K)
Checking Rule _ipblock (Rule 161 of total 516) .... done (Time = 0.00s, Memory = 0.0K)
Checking Rule _rstSyncCellInst (Rule 162 of total 516) .... done (Time = 0.00s, Memory = 0.0K)
Checking Rule _syncCellDelayedQualifier (Rule 163 of total 516) .... done (Time = 0.00s, Memory = 0.0K)
Checking Rule _repeaterCellInst (Rule 164 of total 516) .... done (Time = 0.00s, Memory = 0.0K)
Checking Rule _abstract_port (Rule 165 of total 516) .... done (Time = 0.00s, Memory = 0.0K)
Checking Rule Clock_setup02 (Rule 166 of total 516) .... done (Time = 0.00s, Memory = 1560.0K)
Checking Rule _propagate_cdcAttrib (Rule 167 of total 516) .... done (Time = 0.00s, Memory = 0.0K)
Checking Rule Clock_prop (Rule 168 of total 516) .... done (Time = 0.00s, Memory = 32.0K)
Checking Rule Reset_prop (Rule 169 of total 516) .... done (Time = 0.00s, Memory = 816.0K)
Checking Rule SGDC_generated_clock06 (Rule 170 of total 516) .... done (Time = 0.00s, Memory = 0.0K)
Checking Rule SGDC_clock_sanity01 (Rule 171 of total 516) .... done (Time = 0.00s, Memory = 0.0K)
Checking Rule _sync_sanity (Rule 172 of total 516) .... done (Time = 0.00s, Memory = 0.0K)
Checking Rule _syncreset_prop (Rule 173 of total 516) .... done (Time = 0.00s, Memory = 0.0K)
Checking Rule Propagate_Clocks (Rule 174 of total 516) .... done (Time = 0.01s, Memory = 256.0K)
Checking Rule _syncc (Rule 175 of total 516) .... done (Time = 0.00s, Memory = 0.0K)
Checking Rule _syncb (Rule 176 of total 516) .... done (Time = 0.00s, Memory = 8.0K)
Checking Rule _resetPathCross (Rule 177 of total 516) .... done (Time = 0.00s, Memory = 0.0K)
Checking Rule FalsePathSetup (Rule 178 of total 516) .... done (Time = 0.00s, Memory = 0.0K)
Checking Rule FalsePathSetupFieldIgnored (Rule 179 of total 516) .... done (Time = 0.00s, Memory = 0.0K)
Checking Rule _fifo01 (Rule 180 of total 516) .... done (Time = 0.00s, Memory = 0.0K)
Checking Rule _syncfifo (Rule 181 of total 516) .... done (Time = 0.00s, Memory = 0.0K)
Checking Rule _syncUDfifo (Rule 182 of total 516) .... done (Time = 0.02s, Memory = 24.0K)
Checking Rule _syncdw (Rule 183 of total 516) .... done (Time = 0.00s, Memory = 0.0K)
Checking Rule _syncd (Rule 184 of total 516) .... done (Time = 0.00s, Memory = 0.0K)
Checking Rule _syncg (Rule 185 of total 516) .... done (Time = 0.00s, Memory = 0.0K)
Checking Rule _sync_clock (Rule 186 of total 516) .... done (Time = 0.00s, Memory = 0.0K)
Checking Rule _sync_gp (Rule 187 of total 516) .... done (Time = 0.00s, Memory = 0.0K)
Checking Rule _sync_and (Rule 188 of total 516) .... done (Time = 0.00s, Memory = 0.0K)
Checking Rule _synci (Rule 189 of total 516) .... done (Time = 0.00s, Memory = 0.0K)
Checking Rule _sync_qualifier (Rule 190 of total 516) .... done (Time = 0.00s, Memory = 0.0K)
Checking Rule SGDC_fifo11 (Rule 191 of total 516) .... done (Time = 0.00s, Memory = 0.0K)
Checking Rule SGDC_fifo12 (Rule 192 of total 516) .... done (Time = 0.00s, Memory = 0.0K)
Checking Rule SGDC_fifo13 (Rule 193 of total 516) .... done (Time = 0.00s, Memory = 0.0K)
Checking Rule SGDC_fifo14 (Rule 194 of total 516) .... done (Time = 0.00s, Memory = 0.0K)
Checking Rule _debugData (Rule 195 of total 516) .... done (Time = 0.01s, Memory = -2568.0K)
Checking Rule _auto_dom_abstraction (Rule 196 of total 516) .... done (Time = 0.00s, Memory = 0.0K)
Checking Rule Ac_Sync_Init (Rule 197 of total 516) .... done (Time = 0.02s, Memory = 3008.0K)
Checking Rule Clockmatrix01_Init (Rule 198 of total 516) .... done (Time = 0.00s, Memory = 0.0K)
Checking Rule _resetDeassertStable (Rule 199 of total 516) .... done (Time = 0.00s, Memory = 0.0K)
Checking Rule Ar_Cross_Init (Rule 200 of total 516) .... done (Time = 0.00s, Memory = 0.0K)
Checking Rule SGDC_clockreset03 (Rule 201 of total 516) .... done (Time = 0.00s, Memory = 0.0K)
Checking Rule SGDC_cdc_define_transition01 (Rule 202 of total 516) .... done (Time = 0.00s, Memory = 0.0K)
Checking Rule SGDC_cdc_glitch_end_point (Rule 203 of total 516) .... done (Time = 0.00s, Memory = 0.0K)
Checking Rule CdcAttributeSetup (Rule 204 of total 516) .... done (Time = 0.00s, Memory = 0.0K)
Checking Rule SGDC_multiple_virtual_clock01 (Rule 205 of total 516) .... done (Time = 0.00s, Memory = 0.0K)
Checking Rule Param_SCAValidation (Rule 206 of total 516) .... done (Time = 0.00s, Memory = 0.0K)
Checking Rule SGDC_reset_filter_path_validation_Init (Rule 207 of total 516) .... done (Time = 0.00s, Memory = 0.0K)
Checking Rule UPF_lowpower08PR (Rule 208 of total 516) .... done (Time = 0.00s, Memory = 0.0K)
Checking Rule UPF_lowpower08 (Rule 209 of total 516) .... done (Time = 0.00s, Memory = 0.0K)
Checking Rule Setup_check01 (Rule 210 of total 516) .... done (Time = 0.00s, Memory = 0.0K)
Checking Rule Setup_check02 (Rule 211 of total 516) .... done (Time = 0.00s, Memory = 0.0K)
Checking Rule Info_Case_Analysis (Rule 212 of total 516) .... done (Time = 0.00s, Memory = 32.0K)
Checking Rule SGDC_set_case_analysis_LC (Rule 213 of total 516) .... done (Time = 0.00s, Memory = 0.0K)
Checking Rule SGDC_input02 (Rule 214 of total 516) .... done (Time = 0.00s, Memory = 0.0K)
Checking Rule SGDC_output02 (Rule 215 of total 516) .... done (Time = 0.00s, Memory = 0.0K)
Checking Rule SGDC_clock_relation01 (Rule 216 of total 516) .... done (Time = 0.00s, Memory = 0.0K)
Checking Rule SGDC_quasi_static02 (Rule 217 of total 516) .... done (Time = 0.00s, Memory = 0.0K)
Checking Rule SGDC_quasi_static04 (Rule 218 of total 516) .... done (Time = 0.00s, Memory = 0.0K)
Checking Rule Setup_quasi_static01 (Rule 219 of total 516) .... done (Time = 0.01s, Memory = 8.0K)
Checking Rule SGDC_glitch_multi_src_unate_check01 (Rule 220 of total 516) .... done (Time = 0.00s, Memory = 0.0K)
Checking Rule SGDC_glitch_multi_src_unate_check02 (Rule 221 of total 516) .... done (Time = 0.00s, Memory = 0.0K)
Checking Rule SGDC_signal_in_domain02 (Rule 222 of total 516) .... done (Time = 0.00s, Memory = 0.0K)
Checking Rule SGDC_signal_in_domain04 (Rule 223 of total 516) .... done (Time = 0.00s, Memory = 0.0K)
Checking Rule SGDC_numflops03c (Rule 224 of total 516) .... done (Time = 0.00s, Memory = 0.0K)
Checking Rule SGDC_numflops04 (Rule 225 of total 516) .... done (Time = 0.00s, Memory = 0.0K)
Checking Rule SGDC_numflops05 (Rule 226 of total 516) .... done (Time = 0.00s, Memory = 0.0K)
Checking Rule SGDC_numflops06 (Rule 227 of total 516) .... done (Time = 0.00s, Memory = 0.0K)
Checking Rule SGDC_numflops11 (Rule 228 of total 516) .... done (Time = 0.00s, Memory = 0.0K)
Checking Rule SGDC_numflops13 (Rule 229 of total 516) .... done (Time = 0.00s, Memory = 0.0K)
Checking Rule SGDC_numflops14 (Rule 230 of total 516) .... done (Time = 0.00s, Memory = 0.0K)
Checking Rule SGDC_numflops15 (Rule 231 of total 516) .... done (Time = 0.00s, Memory = 0.0K)
Checking Rule SGDC_numflops16 (Rule 232 of total 516) .... done (Time = 0.00s, Memory = 0.0K)
Checking Rule SGDC_clocksense02 (Rule 233 of total 516) .... done (Time = 0.00s, Memory = 0.0K)
Checking Rule SGDC_clocksense03 (Rule 234 of total 516) .... done (Time = 0.00s, Memory = 0.0K)
Checking Rule SGDC_sgclkgroup01 (Rule 235 of total 516) .... done (Time = 0.00s, Memory = 0.0K)
Checking Rule SGDC_sgclkgroup02 (Rule 236 of total 516) .... done (Time = 0.00s, Memory = 0.0K)
Checking Rule SGDC_sgclkgroup03 (Rule 237 of total 516) .... done (Time = 0.00s, Memory = 0.0K)
Checking Rule SGDC_clock_relation01a (Rule 238 of total 516) .... done (Time = 0.00s, Memory = 0.0K)
Checking Rule SGDC_clock_relation01b (Rule 239 of total 516) .... done (Time = 0.00s, Memory = 0.0K)
Checking Rule SGDC_clock_relation01c (Rule 240 of total 516) .... done (Time = 0.00s, Memory = 0.0K)
Checking Rule SGDC_clock_relation02a (Rule 241 of total 516) .... done (Time = 0.00s, Memory = 0.0K)
Checking Rule SGDC_clock_relation02b (Rule 242 of total 516) .... done (Time = 0.00s, Memory = 0.0K)
Checking Rule SGDC_clock_relation02c (Rule 243 of total 516) .... done (Time = 0.00s, Memory = 0.0K)
Checking Rule SGDC_clock_relation03b (Rule 244 of total 516) .... done (Time = 0.00s, Memory = 0.0K)
Checking Rule SGDC_clock_relation04b (Rule 245 of total 516) .... done (Time = 0.00s, Memory = 0.0K)
Checking Rule SGDC_clock_relation06b (Rule 246 of total 516) .... done (Time = 0.00s, Memory = 0.0K)
Checking Rule SGDC_clock_relation06c (Rule 247 of total 516) .... done (Time = 0.00s, Memory = 0.0K)
Checking Rule CheckClockRelationSetup (Rule 248 of total 516) .... done (Time = 0.00s, Memory = 0.0K)
Checking Rule SGDC_gray_signals01 (Rule 249 of total 516) .... done (Time = 0.00s, Memory = 0.0K)
Checking Rule SGDC_gray_signals02 (Rule 250 of total 516) .... done (Time = 0.00s, Memory = 0.0K)
Checking Rule SGDC_gray_signals03 (Rule 251 of total 516) .... done (Time = 0.00s, Memory = 0.0K)
Checking Rule SGDC_qualifier02a (Rule 252 of total 516) .... done (Time = 0.00s, Memory = 0.0K)
Checking Rule SGDC_qualifier02c (Rule 253 of total 516) .... done (Time = 0.00s, Memory = 0.0K)
Checking Rule SGDC_qualifier03a (Rule 254 of total 516) .... done (Time = 0.00s, Memory = 0.0K)
Checking Rule SGDC_qualifier03c (Rule 255 of total 516) .... done (Time = 0.00s, Memory = 0.0K)
Checking Rule SGDC_qualifier04 (Rule 256 of total 516) .... done (Time = 0.00s, Memory = 0.0K)
Checking Rule SGDC_qualifier05 (Rule 257 of total 516) .... done (Time = 0.00s, Memory = 0.0K)
Checking Rule SGDC_qualifier07 (Rule 258 of total 516) .... done (Time = 0.00s, Memory = 0.0K)
Checking Rule SGDC_qualifier08 (Rule 259 of total 516) .... done (Time = 0.00s, Memory = 0.0K)
Checking Rule SGDC_qualifier32a (Rule 260 of total 516) .... done (Time = 0.00s, Memory = 0.0K)
Checking Rule SGDC_qualifier32c (Rule 261 of total 516) .... done (Time = 0.00s, Memory = 0.0K)
Checking Rule SGDC_qualifier32d (Rule 262 of total 516) .... done (Time = 0.00s, Memory = 0.0K)
Checking Rule SGDC_qualifier33a (Rule 263 of total 516) .... done (Time = 0.00s, Memory = 0.0K)
Checking Rule SGDC_qualifier33c (Rule 264 of total 516) .... done (Time = 0.00s, Memory = 0.0K)
Checking Rule SGDC_qualifier33d (Rule 265 of total 516) .... done (Time = 0.00s, Memory = 0.0K)
Checking Rule SGDC_qualifier35 (Rule 266 of total 516) .... done (Time = 0.00s, Memory = 0.0K)
Checking Rule QualifierSetup (Rule 267 of total 516) .... done (Time = 0.00s, Memory = 0.0K)
Checking Rule SGDC_same_domain_signals01 (Rule 268 of total 516) .... done (Time = 0.00s, Memory = 0.0K)
Checking Rule ResetSynchronizerSetup (Rule 269 of total 516) .... done (Time = 0.00s, Memory = 0.0K)
Checking Rule SGDC_cdc_waive04 (Rule 270 of total 516) .... done (Time = 0.00s, Memory = 0.0K)
Checking Rule SGDC_cdc_waive05 (Rule 271 of total 516) .... done (Time = 0.00s, Memory = 0.0K)
Checking Rule SGDC_cdc_waive06 (Rule 272 of total 516) .... done (Time = 0.00s, Memory = 0.0K)
Checking Rule SGDC_cdc_waive07 (Rule 273 of total 516) .... done (Time = 0.00s, Memory = 0.0K)
Checking Rule SGDC_validation_filter_path03 (Rule 274 of total 516) .... done (Time = 0.00s, Memory = 0.0K)
Checking Rule SGDC_qualifier09 (Rule 275 of total 516) .... done (Time = 0.00s, Memory = 0.0K)
Checking Rule SGDC_qualifier10 (Rule 276 of total 516) .... done (Time = 0.00s, Memory = 0.0K)
Checking Rule SGDC_qualifier11 (Rule 277 of total 516) .... done (Time = 0.00s, Memory = 0.0K)
Checking Rule SGDC_qualifier12 (Rule 278 of total 516) .... done (Time = 0.00s, Memory = 0.0K)
Checking Rule SGDC_qualifier13 (Rule 279 of total 516) .... done (Time = 0.00s, Memory = 0.0K)
Checking Rule SGDC_qualifier14 (Rule 280 of total 516) .... done (Time = 0.00s, Memory = 0.0K)
Checking Rule SGDC_qualifier16 (Rule 281 of total 516) .... done (Time = 0.00s, Memory = 0.0K)
Checking Rule SGDC_qualifier18 (Rule 282 of total 516) .... done (Time = 0.00s, Memory = 0.0K)
Checking Rule SGDC_qualifier19a (Rule 283 of total 516) .... done (Time = 0.00s, Memory = 0.0K)
Checking Rule SGDC_qualifier19b (Rule 284 of total 516) .... done (Time = 0.00s, Memory = 0.0K)
Checking Rule SGDC_qualifier19c (Rule 285 of total 516) .... done (Time = 0.00s, Memory = 0.0K)
Checking Rule SGDC_qualifier20b (Rule 286 of total 516) .... done (Time = 0.00s, Memory = 0.0K)
Checking Rule SGDC_qualifier21 (Rule 287 of total 516) .... done (Time = 0.00s, Memory = 0.0K)
Checking Rule SGDC_qualifier22 (Rule 288 of total 516) .... done (Time = 0.00s, Memory = 0.0K)
Checking Rule SGDC_qualifier23 (Rule 289 of total 516) .... done (Time = 0.00s, Memory = 0.0K)
Checking Rule SGDC_qualifier24 (Rule 290 of total 516) .... done (Time = 0.00s, Memory = 0.0K)
Checking Rule SGDC_qualifier25 (Rule 291 of total 516) .... done (Time = 0.00s, Memory = 0.0K)
Checking Rule SGDC_qualifier26 (Rule 292 of total 516) .... done (Time = 0.00s, Memory = 0.0K)
Checking Rule SGDC_qualifier27 (Rule 293 of total 516) .... done (Time = 0.00s, Memory = 0.0K)
Checking Rule SGDC_qualifier28 (Rule 294 of total 516) .... done (Time = 0.00s, Memory = 0.0K)
Checking Rule SGDC_qualifier30 (Rule 295 of total 516) .... done (Time = 0.00s, Memory = 0.0K)
Checking Rule SGDC_qualifier31 (Rule 296 of total 516) .... done (Time = 0.00s, Memory = 0.0K)
Checking Rule SGDC_virtualclock01 (Rule 297 of total 516) .... done (Time = 0.00s, Memory = 0.0K)
Checking Rule SGDC_virtualclock02 (Rule 298 of total 516) .... done (Time = 0.00s, Memory = 0.0K)
Checking Rule SGDC_virtualreset01 (Rule 299 of total 516) .... done (Time = 0.00s, Memory = 0.0K)
Checking Rule SGDC_abstract_port19 (Rule 300 of total 516) .... done (Time = 0.00s, Memory = 0.0K)
Checking Rule SGDC_abstract_port20 (Rule 301 of total 516) .... done (Time = 0.00s, Memory = 0.0K)
Checking Rule SGDC_abstract_port25 (Rule 302 of total 516) .... done (Time = 0.00s, Memory = 0.0K)
Checking Rule SGDC_abstract_port23 (Rule 303 of total 516) .... done (Time = 0.00s, Memory = 0.0K)
Checking Rule SGDC_abstract_port24 (Rule 304 of total 516) .... done (Time = 0.00s, Memory = 0.0K)
Checking Rule SGDC_abstract_port25a (Rule 305 of total 516) .... done (Time = 0.00s, Memory = 0.0K)
Checking Rule SGDC_abstract_port25b (Rule 306 of total 516) .... done (Time = 0.00s, Memory = 0.0K)
Checking Rule SGDC_abstract_port28 (Rule 307 of total 516) .... done (Time = 0.00s, Memory = 0.0K)
Checking Rule RFPSetup (Rule 308 of total 516) .... done (Time = 0.00s, Memory = 0.0K)
Checking Rule SGDC_quasi_static_rdc01a (Rule 309 of total 516) .... done (Time = 0.00s, Memory = 0.0K)
Checking Rule SGDC_quasi_static_rdc01b (Rule 310 of total 516) .... done (Time = 0.00s, Memory = 0.0K)
Checking Rule SGDC_quasi_static_rdc01c (Rule 311 of total 516) .... done (Time = 0.00s, Memory = 0.0K)
Checking Rule QuasiStaticRdcSetup (Rule 312 of total 516) .... done (Time = 0.00s, Memory = 0.0K)
Checking Rule SGDC_quasi_static_rdc02 (Rule 313 of total 516) .... done (Time = 0.01s, Memory = 0.0K)
Checking Rule SGDC_quasi_static_rdc03 (Rule 314 of total 516) .... done (Time = 0.00s, Memory = 0.0K)
Checking Rule SGDC_quasi_static_rdc04 (Rule 315 of total 516) .... done (Time = 0.00s, Memory = 0.0K)
Checking Rule SGDC_quasi_static_rdc05 (Rule 316 of total 516) .... done (Time = 0.00s, Memory = 0.0K)
Checking Rule SGDC_reset_filter_path02a (Rule 317 of total 516) .... done (Time = 0.00s, Memory = 0.0K)
Checking Rule SGDC_reset_filter_path02b (Rule 318 of total 516) .... done (Time = 0.00s, Memory = 0.0K)
Checking Rule SGDC_reset_filter_path02c (Rule 319 of total 516) .... done (Time = 0.00s, Memory = 0.0K)
Checking Rule SGDC_reset_filter_path03a (Rule 320 of total 516) .... done (Time = 0.00s, Memory = 0.0K)
Checking Rule SGDC_reset_filter_path03b (Rule 321 of total 516) .... done (Time = 0.00s, Memory = 0.0K)
Checking Rule SGDC_reset_filter_path03c (Rule 322 of total 516) .... done (Time = 0.00s, Memory = 0.0K)
Checking Rule SGDC_reset_filter_path04b (Rule 323 of total 516) .... done (Time = 0.00s, Memory = 0.0K)
Checking Rule SGDC_reset_filter_path05a (Rule 324 of total 516) .... done (Time = 0.00s, Memory = 0.0K)
Checking Rule SGDC_reset_filter_path06a (Rule 325 of total 516) .... done (Time = 0.00s, Memory = 0.0K)
Checking Rule SGDC_reset_filter_path07a (Rule 326 of total 516) .... done (Time = 0.00s, Memory = 0.0K)
Checking Rule SGDC_reset_filter_path07b (Rule 327 of total 516) .... done (Time = 0.00s, Memory = 0.0K)
Checking Rule SGDC_reset_filter_path07c (Rule 328 of total 516) .... done (Time = 0.00s, Memory = 0.0K)
Checking Rule SGDC_reset_filter_path08a (Rule 329 of total 516) .... done (Time = 0.00s, Memory = 0.0K)
Checking Rule SGDC_reset_filter_path08b (Rule 330 of total 516) .... done (Time = 0.00s, Memory = 0.0K)
Checking Rule SGDC_reset_filter_path09a (Rule 331 of total 516) .... done (Time = 0.00s, Memory = 0.0K)
Checking Rule SGDC_define_reset_order03 (Rule 332 of total 516) .... done (Time = 0.00s, Memory = 0.0K)
Checking Rule SGDC_define_reset_order04 (Rule 333 of total 516) .... done (Time = 0.00s, Memory = 8.0K)
Checking Rule SGDC_define_reset_order05 (Rule 334 of total 516) .... done (Time = 0.00s, Memory = 0.0K)
Checking Rule SGDC_define_reset_order06 (Rule 335 of total 516) .... done (Time = 0.00s, Memory = 0.0K)
Checking Rule Clock_info01 (Rule 336 of total 516) .... done (Time = 0.01s, Memory = -2616.0K)
Checking Rule SGDC_virtualclock03 (Rule 337 of total 516) .... done (Time = 0.00s, Memory = 0.0K)
Checking Rule SGDC_cdc_false_path06 (Rule 338 of total 516) .... done (Time = 0.00s, Memory = 0.0K)
Checking Rule SGDC_cdc_false_path07 (Rule 339 of total 516) .... done (Time = 0.00s, Memory = 0.0K)
Checking Rule SGDC_cdc_false_path08 (Rule 340 of total 516) .... done (Time = 0.00s, Memory = 0.0K)
Checking Rule SGDC_cdc_false_path09 (Rule 341 of total 516) .... done (Time = 0.00s, Memory = 0.0K)
Checking Rule SGDC_cdc_false_path10 (Rule 342 of total 516) .... done (Time = 0.00s, Memory = 0.0K)
Checking Rule SGDC_cdc_false_path11 (Rule 343 of total 516) .... done (Time = 0.00s, Memory = 0.0K)
Checking Rule CDCSet_License01 (Rule 344 of total 516) .... done (Time = 0.00s, Memory = 0.0K)
Checking Rule Clock_info03a (Rule 345 of total 516) .... done (Time = 0.01s, Memory = 32.0K)
Checking Rule Clock_info03b (Rule 346 of total 516) .... done (Time = 0.00s, Memory = -8.0K)
Checking Rule Clock_info03c (Rule 347 of total 516) .... done (Time = 0.00s, Memory = 2656.0K)
Checking Rule Ac_coherency06 (Rule 348 of total 516) .... done (Time = 0.00s, Memory = 0.0K)
Checking Rule Ac_unsync01 (Rule 349 of total 516) .... done (Time = 0.00s, Memory = 0.0K)
Checking Rule Ac_unsync02 (Rule 350 of total 516) .... done (Time = 0.00s, Memory = 0.0K)
Checking Rule Ac_sync01 (Rule 351 of total 516) .... done (Time = 0.00s, Memory = 0.0K)
Checking Rule Ac_sync02 (Rule 352 of total 516) .... done (Time = 0.00s, Memory = 0.0K)
Checking Rule Ac_crossing01 (Rule 353 of total 516) .... done (Time = 0.00s, Memory = 0.0K)
Checking Rule Reset_info01 (Rule 354 of total 516) .... done (Time = 0.00s, Memory = 0.0K)
Checking Rule Propagate_Resets (Rule 355 of total 516) .... done (Time = 0.00s, Memory = 64.0K)
Checking Rule _reset_sync (Rule 356 of total 516) .... done (Time = 0.00s, Memory = 0.0K)
Checking Rule Setup_port01 (Rule 357 of total 516) .... done (Time = 0.00s, Memory = 0.0K)
Checking Rule Setup_blackbox01 (Rule 358 of total 516) .... done (Time = 0.00s, Memory = 0.0K)
Checking Rule Setup_library01 (Rule 359 of total 516) .... done (Time = 0.00s, Memory = 0.0K)
Checking Rule Reset_check11 (Rule 360 of total 516) .... done (Time = 0.01s, Memory = 8.0K)
Checking Rule Reset_info09a (Rule 361 of total 516) .... done (Time = 0.00s, Memory = 0.0K)
Checking Rule Reset_check12 (Rule 362 of total 516) .... done (Time = 0.00s, Memory = -2680.0K)
Checking Rule Clock_sync05 (Rule 363 of total 516) .... done (Time = 0.00s, Memory = 0.0K)
Checking Rule Clock_sync06 (Rule 364 of total 516) .... done (Time = 0.00s, Memory = 0.0K)
Checking Rule Clock_sync05a (Rule 365 of total 516) .... done (Time = 0.00s, Memory = 0.0K)
Checking Rule Clock_sync06a (Rule 366 of total 516) .... done (Time = 0.00s, Memory = 0.0K)
Checking Rule Clock_info05c (Rule 367 of total 516) .... done (Time = 0.00s, Memory = 0.0K)
Checking Rule Clock_glitch_init (Rule 368 of total 516) .... done (Time = 0.00s, Memory = 0.0K)
Checking Rule FilterClockOverlapSetup (Rule 369 of total 516) .... done (Time = 0.00s, Memory = 0.0K)
Checking Rule Reset_check03 (Rule 370 of total 516) .... done (Time = 0.00s, Memory = 0.0K)
Checking Rule _clkWrapModules (Rule 371 of total 516) .... done (Time = 0.00s, Memory = 0.0K)
Checking Rule _clock_hier_rules (Rule 372 of total 516) .... done (Time = 0.00s, Memory = 0.0K)
Checking Rule Ar_sync_init (Rule 373 of total 516) .... done (Time = 0.02s, Memory = 2760.0K)
Checking Rule _constrCoverage (Rule 374 of total 516) .... done (Time = 0.01s, Memory = 16.0K)
Checking Rule Clock_info15 (Rule 375 of total 516) .... done (Time = 0.00s, Memory = 0.0K)
Checking Rule Reset_sync02 (Rule 376 of total 516) .... done (Time = 0.00s, Memory = 0.0K)
Checking Rule SGDC_clockreset02 (Rule 377 of total 516) .... done (Time = 0.00s, Memory = 0.0K)
Checking Rule Param_clockreset02 (Rule 378 of total 516) .... done (Time = 0.00s, Memory = 0.0K)
Checking Rule Param_clockreset04 (Rule 379 of total 516) .... done (Time = 0.00s, Memory = 0.0K)
Checking Rule Setup_clockreset01 (Rule 380 of total 516) .... done (Time = 0.00s, Memory = 0.0K)
Checking Rule Clock_check07 (Rule 381 of total 516) .... done (Time = 0.00s, Memory = 0.0K)
Checking Rule Clock_check10 (Rule 382 of total 516) .... done (Time = 0.00s, Memory = 0.0K)
Checking Rule Reset_check08 (Rule 383 of total 516) .... done (Time = 0.00s, Memory = 0.0K)
Checking Rule DeltaDelaySetup01 (Rule 384 of total 516) .... done (Time = 0.00s, Memory = 0.0K)
Checking Rule Clock_converge01 (Rule 385 of total 516) .... done (Time = 0.00s, Memory = 0.0K)
Checking Rule Ar_converge01 (Rule 386 of total 516) .... done (Time = 0.00s, Memory = 0.0K)
Checking Rule SGDC_noclockcell_start01 (Rule 387 of total 516) .... done (Time = 0.00s, Memory = 0.0K)
Checking Rule Ac_initseq01 (Rule 388 of total 516) .... done (Time = 0.00s, Memory = 0.0K)
Checking Rule Ac_init01 (Rule 389 of total 516)
 .... done (Time = 0.00s, Memory = 24.0K)
Checking Rule _ac_Auxi01 (Rule 390 of total 516) .... done (Time = 0.00s, Memory = 0.0K)
Checking Rule Ac_sanity02 (Rule 391 of total 516) .... done (Time = 0.00s, Memory = 0.0K)
Checking Rule _glitch_init (Rule 392 of total 516) .... done (Time = 0.00s, Memory = 0.0K)
Checking Rule Ac_initstate01 (Rule 393 of total 516) .... done (Time = 0.01s, Memory = 32.0K)
Checking Rule Ac_conv02 (Rule 394 of total 516)
Verifying rule Ac_conv02: 1 checks
0% time spent, 0%(0) assertions proved, 0%(0) failed, 0%(0) partially proved, 0%(0) others0% time spent, 0%(0) assertions proved, 0%(0) failed, 0%(0) partially proved, 0%(0) others0% time spent, 0%(0) assertions proved, 0%(0) failed, 0%(0) partially proved, 0%(0) others100% time spent, 100%(1) assertions proved, 0%(0) failed, 0%(0) partially proved, 0%(0) others100% time spent, 100%(1) assertions proved, 0%(0) failed, 0%(0) partially proved, 0%(0) others100% time spent, 100%(1) assertions proved, 0%(0) failed, 0%(0) partially proved, 0%(0) others
Verifying rule Ac_conv02: 1 checks
0% time spent, 0%(0) assertions proved, 0%(0) failed, 0%(0) partially proved, 0%(0) others0% time spent, 0%(0) assertions proved, 0%(0) failed, 0%(0) partially proved, 0%(0) others0% time spent, 0%(0) assertions proved, 0%(0) failed, 0%(0) partially proved, 0%(0) others100% time spent, 100%(1) assertions proved, 0%(0) failed, 0%(0) partially proved, 0%(0) others100% time spent, 100%(1) assertions proved, 0%(0) failed, 0%(0) partially proved, 0%(0) others100% time spent, 100%(1) assertions proved, 0%(0) failed, 0%(0) partially proved, 0%(0) others .... done (Time = 11.97s, Memory = -2592.0K)
Checking Rule Ac_conv01 (Rule 395 of total 516) .... done (Time = 0.01s, Memory = 2680.0K)
Checking Rule Ac_conv03 (Rule 396 of total 516) .... done (Time = 0.00s, Memory = 0.0K)
Checking Rule Ac_conv02setup01 (Rule 397 of total 516) .... done (Time = 0.00s, Memory = 0.0K)
Checking Rule Ac_conv01a (Rule 398 of total 516) .... done (Time = 0.00s, Memory = 0.0K)
Checking Rule Ac_conv02a (Rule 399 of total 516) .... done (Time = 0.00s, Memory = 0.0K)
Checking Rule Ac_conv03a (Rule 400 of total 516) .... done (Time = 0.00s, Memory = 0.0K)
Checking Rule Ac_conv04 (Rule 401 of total 516) .... done (Time = 0.00s, Memory = 0.0K)
Checking Rule Ac_cdc01a (Rule 402 of total 516)
Verifying rule Ac_cdc01a: 1 checks
0% time spent, 0%(0) assertions proved, 0%(0) failed, 0%(0) partially proved, 0%(0) others0% time spent, 0%(0) assertions proved, 0%(0) failed, 0%(0) partially proved, 0%(0) others0% time spent, 0%(0) assertions proved, 0%(0) failed, 0%(0) partially proved, 0%(0) others0% time spent, 0%(0) assertions proved, 0%(0) failed, 0%(0) partially proved, 0%(0) others0% time spent, 0%(0) assertions proved, 0%(0) failed, 0%(0) partially proved, 0%(0) others100% time spent, 100%(1) assertions proved, 0%(0) failed, 0%(0) partially proved, 0%(0) others100% time spent, 100%(1) assertions proved, 0%(0) failed, 0%(0) partially proved, 0%(0) others100% time spent, 100%(1) assertions proved, 0%(0) failed, 0%(0) partially proved, 0%(0) others .... done (Time = 4.45s, Memory = 0.0K)
Checking Rule Ac_datahold01a (Rule 403 of total 516)
Verifying rule Ac_datahold01a: 1 checks
0% time spent, 0%(0) assertions proved, 0%(0) failed, 0%(0) partially proved, 0%(0) others0% time spent, 0%(0) assertions proved, 0%(0) failed, 0%(0) partially proved, 0%(0) others0% time spent, 0%(0) assertions proved, 0%(0) failed, 0%(0) partially proved, 0%(0) others0% time spent, 0%(0) assertions proved, 0%(0) failed, 0%(0) partially proved, 0%(0) others0% time spent, 0%(0) assertions proved, 0%(0) failed, 0%(0) partially proved, 0%(0) others0% time spent, 0%(0) assertions proved, 0%(0) failed, 0%(0) partially proved, 0%(0) others100% time spent, 0%(0) assertions proved, 0%(0) failed, 100%(1) partially proved, 0%(0) others100% time spent, 0%(0) assertions proved, 0%(0) failed, 100%(1) partially proved, 0%(0) others .... done (Time = 10.04s, Memory = -360.0K)
Checking Rule Ac_abs01 (Rule 404 of total 516) .... done (Time = 0.00s, Memory = 0.0K)
Checking Rule Ac_glitch03 (Rule 405 of total 516) .... done (Time = 0.00s, Memory = 0.0K)
Checking Rule Ac_clockperiod01 (Rule 406 of total 516) .... done (Time = 0.00s, Memory = 0.0K)
Checking Rule Ac_clockperiod02 (Rule 407 of total 516) .... done (Time = 0.00s, Memory = 0.0K)
Checking Rule Ac_clockperiod03 (Rule 408 of total 516) .... done (Time = 0.00s, Memory = 0.0K)
Checking Rule AllowComboLogicSetup (Rule 409 of total 516) .... done (Time = 0.00s, Memory = 0.0K)
Checking Rule Ac_resetvalue01 (Rule 410 of total 516) .... done (Time = 0.00s, Memory = 0.0K)
Checking Rule Ac_upfsetup02 (Rule 411 of total 516) .... done (Time = 0.00s, Memory = 0.0K)
Checking Rule Ac_upfsetup01 (Rule 412 of total 516) .... done (Time = 0.00s, Memory = 0.0K)
Checking Rule Ac_psync_init (Rule 413 of total 516) .... done (Time = 0.00s, Memory = 0.0K)
Checking Rule Ac_psetup01 (Rule 414 of total 516) .... done (Time = 0.00s, Memory = 0.0K)
Checking Rule Clock_glitch05_init (Rule 415 of total 516) .... done (Time = 0.00s, Memory = 0.0K)
Checking Rule SGDC_reset_synchronizer02 (Rule 416 of total 516) .... done (Time = 0.00s, Memory = 0.0K)
Checking Rule SGDC_reset_synchronizer04 (Rule 417 of total 516) .... done (Time = 0.00s, Memory = 0.0K)
Checking Rule SGDC_reset_synchronizer06 (Rule 418 of total 516) .... done (Time = 0.00s, Memory = 0.0K)
Checking Rule SGDC_reset_synchronizer08 (Rule 419 of total 516) .... done (Time = 0.00s, Memory = 0.0K)
Checking Rule SGDC_reset_synchronizer10 (Rule 420 of total 516) .... done (Time = 0.00s, Memory = 0.0K)
Checking Rule SGDC_abstract_module01 (Rule 421 of total 516) .... done (Time = 0.00s, Memory = 0.0K)
Checking Rule SGDC_abstract_module04 (Rule 422 of total 516) .... done (Time = 0.00s, Memory = -8.0K)
Checking Rule SGDC_abstract_module05 (Rule 423 of total 516) .... done (Time = 0.00s, Memory = 0.0K)
Checking Rule SGDC_abstract_module06 (Rule 424 of total 516) .... done (Time = 0.00s, Memory = 8.0K)
Checking Rule SGDC_abstract_module07 (Rule 425 of total 516) .... done (Time = 0.00s, Memory = 2680.0K)
Checking Rule Propagate_DataAsReset (Rule 426 of total 516) .... done (Time = 0.00s, Memory = 8.0K)
Checking Rule DataAsReset_setup01 (Rule 427 of total 516) .... done (Time = 0.00s, Memory = 0.0K)
Checking Rule DataAsReset_setup02 (Rule 428 of total 516) .... done (Time = 0.00s, Memory = 0.0K)
Checking Rule DataAsReset_setup03 (Rule 429 of total 516) .... done (Time = 0.00s, Memory = 0.0K)
Checking Rule DataAsReset_setup04 (Rule 430 of total 516) .... done (Time = 0.00s, Memory = 520.0K)
Checking Rule Ac_report01 (Rule 431 of total 516) .... done (Time = 0.00s, Memory = 2392.0K)
Checking Rule Clock_exit01 (Rule 432 of total 516) .... done (Time = 0.00s, Memory = 0.0K)
Checking Rule AnalyzeBBox (Rule 433 of total 516) .... done (Time = 0.00s, Memory = 0.0K)
Checking Rule ReportCheckDataSummary (Rule 434 of total 516) .... done (Time = 0.00s, Memory = 0.0K)

Generating data for Console...

SpyGlass Rule Checking Complete.

Generating moresimple report from './spyglass-1/cdc/cdc_verify/spyglass.vdb' to './spyglass-1/cdc/cdc_verify/spyglass_reports/moresimple.rpt' ....

Generating runsummary report from './spyglass-1/cdc/cdc_verify/spyglass.vdb' ....

Generating no_msg_reporting_rules report from './spyglass-1/cdc/cdc_verify/spyglass.vdb' to './spyglass-1/cdc/cdc_verify/spyglass_reports/no_msg_reporting_rules.rpt' ....

Generating adv_cdc report from './spyglass-1/cdc/cdc_verify/spyglass.vdb' to './spyglass-1/cdc/cdc_verify/spyglass_reports/adv_cdc.rpt' ....

Generating CDC-report report from './spyglass-1/cdc/cdc_verify/spyglass.vdb' to './spyglass-1/cdc/cdc_verify/spyglass_reports/CDC-report.rpt' ....

Policy specific data (reports) are present in the directory './spyglass-1/cdc/cdc_verify/spyglass_reports'.

SpyGlass critical reports for the current run are present in directory './spyglass-1/consolidated_reports/cdc_cdc_verify/'.

---------------------------------------------------------------------------------------------
Results Summary:
---------------------------------------------------------------------------------------------
   Goal Run           :      cdc/cdc_verify
   Command-line read  :      0 error,      0 warning,      0 information message 
   Design Read        :      0 error,      0 warning,      2 information messages
      Found 1 top module:
         async_fifo   (file: async_fifo.v)

   Blackbox Resolution:      0 error,      0 warning,      0 information message 
   SGDC Checks        :      0 error,      0 warning,      0 information message 
   Policy clock-reset :      0 error,      2 warnings,    25 information messages
   -------------------------------------------------------------------------------------
   Total              :      0 error,      2 warnings,    27 information messages

  Total Number of Generated Messages     :        29 (0 error, 2 warnings, 27 Infos)
  Number of Reported Messages            :        29 (0 error, 2 warnings, 27 Infos)

---------------------------------------------------------------------------------------------


run_goal: info: updating spyglass.log with goal summary
---------------------------------------------------------------------------------------------------
Results Summary:
---------------------------------------------------------------------------------------------------
   Goal Run           :      cdc/cdc_verify
   Top Module         :      async_fifo
---------------------------------------------------------------------------------------------------
   Reports Directory: 
   /home/gokulgopalakrishnan/major_project/apb/async_fifo/spyglass-1/consolidated_reports/cdc_cdc_verify/ 

   SpyGlass LogFile: 
    /home/gokulgopalakrishnan/major_project/apb/async_fifo/spyglass-1/cdc/cdc_verify/spyglass.log 

   Standard Reports: 
     moresimple.rpt          no_msg_reporting_rules.rpt       

   HTML report:
    /home/gokulgopalakrishnan/major_project/apb/async_fifo/spyglass-1/html_reports/goals_summary.html
  

   Technology Reports:    CDC( Advance CDC - CDC Verification )
     CDC-report.rpt          adv_cdc.rpt        
   
---------------------------------------------------------------------------------------------------
   Goal Violation Summary:
       Waived   Messages:                      0 Errors,      0 Warnings,      0 Infos
       Reported Messages:         0 Fatals,    0 Errors,      2 Warnings,     27 Infos
---------------------------------------------------------------------------------------------------
   
   Technology Summary: CDC( Advance CDC )   
       Unsynchronized crossings= 0
       Convergences= 2
---------------------------------------------------------------------------------------------------
 
run_goal: info: spyglass.log successfully updated with goal summary
0 {Rule-checking completed with warnings}